Tên sản phẩm,Danh Mục,Thương hiệu,JSON Attributes,Link Shop,Giá
Áo sát nách Sleeveless tanktop thể thao Active Essentials thấm hút Coolmate,Áo thun ,Coolmate,"{""Danh Mục"":""Áo ba lỗ"",""Thương hiệu"":""Coolmate"",""Chất liệu"":""100% Polyester"",""Xuất xứ"":""Việt Nam"",""Phong cách"":""Thể thao"",""Mẫu"":""Trơn"",""Mùa"":""Mùa hè, Bốn mùa"",""Tính năng"":""Thấm hút tốt, Thoáng khí, Nhanh khô, Siêu nhẹ"",""Hoàn cảnh"":""Tập Gym, Chạy bộ, Chơi thể thao, Mặc nhà"",""Chiều dài tay áo"":""Sát nách"",""Kiểu cổ áo"":""Cổ tròn"",""Kiểu áo thun"":""Tank top""}",https://shopee.vn/%C3%81o-s%C3%A1t-n%C3%A1ch-Sleeveless-tanktop-th%E1%BB%83-thao-Active-Essentials-th%E1%BA%A5m-h%C3%BAt-Coolmate-i.24710134.24169579811?extraParams=%7B%22display_model_id%22%3A89530887472%2C%22model_selection_logic%22%3A3%7D,99.000đ
Áo ba lỗ Singlet Nam thể thao Chạy Bộ Graphic Dot Coolmate,Áo thun ,Coolmate,"{""Danh Mục"":""Áo ba lỗ"",""Thương hiệu"":""Coolmate"",""Chất liệu"":""100% Polyester"",""Xuất xứ"":""Việt Nam"",""Phong cách"":""Thể thao"",""Mẫu"":""Graphic Dot"",""Mùa"":""Mùa hè, Bốn mùa"",""Tính năng"":""Siêu nhẹ, Thoáng khí, Thấm hút tốt, Nhanh khô"",""Hoàn cảnh"":""Chạy bộ, Marathon, Tập thể thao"",""Chiều dài tay áo"":""Sát nách"",""Kiểu cổ áo"":""Cổ tròn"",""Kiểu áo thun"":""Áo ba lỗ""}",https://shopee.vn/%C3%81o-ba-l%E1%BB%97-Singlet-Nam-th%E1%BB%83-thao-Ch%E1%BA%A1y-B%E1%BB%99-Tho%C3%A1ng-Kh%C3%AD-Graphic-Dot-si%C3%AAu-nh%E1%BA%B9-tho%C3%A1ng-kh%C3%AD-th%E1%BA%A5m-h%C3%BAt-Coolmate-i.24710134.26615550802?extraParams=%7B%22display_model_id%22%3A197916883387%2C%22model_selection_logic%22%3A3%7D,149.000đ
Áo ba lỗ nam basic YODY form regular thoáng mát thoải mái MFTA25A001,Áo thun ,YODY,"{""Danh Mục"":""Áo ba lỗ"",""Thương hiệu"":""YODY"",""Chất liệu"":""Cotton phối"",""Xuất xứ"":""Việt Nam"",""Phong cách"":""Cơ bản, Năng động"",""Mẫu"":""Trơn"",""Mùa"":""Bốn mùa, Mùa hè"",""Tính năng"":""Thoáng mát, Thấm hút tốt, Co giãn"",""Hoàn cảnh"":""Mặc nhà, Tập thể thao, Mặc lót"",""Chiều dài tay áo"":""Sát nách"",""Kiểu cổ áo"":""Cổ tròn"",""Kiểu áo thun"":""Áo ba lỗ""}",https://shopee.vn/%C3%81o-ba-l%E1%BB%95-nam-basic-YODY-form-regular-tho%C3%A1ng-m%C3%A1t-tho%E1%BA%A3i-m%C3%A1i-MFTA25A001-i.173392916.42609553619?extraParams=%7B%22display_model_id%22%3A290799976468%2C%22model_selection_logic%22%3A3%7D&sp_atk=28ec9abb-7582-43fd-9dcb-2feb54873d70&xptdk=28ec9abb-7582-43fd-9dcb-2feb54873d70,229.000đ
Áo ba lỗ nam lót trong Guzado Chất Cotton Siêu Mềm Thấm Hút GTT08,Áo thun ,GUZADO,"{""Danh Mục"":""Áo ba lỗ"",""Thương hiệu"":""Guzado"",""Chất liệu"":""100% Cotton"",""Xuất xứ"":""Việt Nam"",""Phong cách"":""Cơ bản"",""Mẫu"":""Trơn"",""Mùa"":""Bốn mùa"",""Tính năng"":""Siêu mềm, Thấm hút mồ hôi, Thoáng khí, Co giãn"",""Hoàn cảnh"":""Mặc lót, Mặc nhà, Tập thể thao"",""Chiều dài tay áo"":""Sát nách"",""Kiểu cổ áo"":""Cổ tròn"",""Kiểu áo thun"":""Áo ba lỗ""}",https://shopee.vn/%C3%81o-ba-l%E1%BB%97-nam-l%C3%B3t-trong-Guzado-Ch%E1%BA%A5t-Cotton-Si%C3%AAu-M%E1%BB%81m-Th%E1%BA%A5m-H%C3%BAt-M%E1%BB%93-H%C3%B4i-C%E1%BB%B1c-T%E1%BB%91t-GTT08-i.201774917.13293373762?extraParams=%7B%22display_model_id%22%3A97813888801%2C%22model_selection_logic%22%3A3%7D,95.000đ
Áo ba lỗ nam thể thao AVANCOMAN thun lạnh lỗ kim thoáng mát,Áo thun ,AVANCOMAN,"{""Danh Mục"":""Áo ba lỗ"",""Thương hiệu"":""AVANCOMAN"",""Chất liệu"":""Thun lạnh lỗ kim"",""Xuất xứ"":""Việt Nam"",""Phong cách"":""Thể thao"",""Mẫu"":""Trơn"",""Mùa"":""Mùa hè"",""Tính năng"":""Thấm hút tốt, Thoáng mát, Co giãn"",""Hoàn cảnh"":""Tập Gym, Chạy bộ, Thể thao, Mặc nhà"",""Chiều dài tay áo"":""Sát nách"",""Kiểu cổ áo"":""Cổ tròn"",""Kiểu áo thun"":""Tank top""}",https://shopee.vn/%C3%81o-ba-l%E1%BB%97-nam-th%E1%BB%83-thao-AVANCOMAN-thun-l%E1%BA%A1nh-l%E1%BB%97-kim-th%E1%BA%A5m-h%C3%BAt-v%C3%A0-tho%C3%A1ng-m%C3%A1t-g%E1%BA%A5p-%C4%91%C3%B4i-m%E1%BA%ABu-m%E1%BB%9Bi-2025-i.198069764.28405908921?extraParams=%7B%22display_model_id%22%3A185256627625%2C%22model_selection_logic%22%3A3%7D,100.000đ
Áo ba lỗ nam TOKYOLIFE vải thun lạnh siêu mát mùa hè thấm hút mồ hôi mặc nhà tập gym,Áo thun,TOKYOLIFE,"{""Danh Mục"":""Áo ba lỗ"",""Thương hiệu"":""TOKYOLIFE"",""Chất liệu"":""Thun lạnh"",""Xuất xứ"":""Việt Nam"",""Phong cách"":""Thường ngày, Thể thao"",""Mẫu"":""Trơn"",""Mùa"":""Mùa hè"",""Tính năng"":""Mát lạnh, thấm hút"",""Hoàn cảnh"":""Mặc nhà, Tập gym"",""Chiều dài tay áo"":""Sát nách"",""Kiểu cổ áo"":""Cổ tròn"",""Kiểu áo thun"":""Slimfit""}",null,120.000 đ
Áo Ba Lỗ Nam TOKYOLIFE SunStop Kháng Khuẩn Khử Mùi Thoáng Khí Chuyên Dụng TL-BL01,Áo thun,TOKYOLIFE,"{""Danh Mục"":""Áo ba lỗ"",""Thương hiệu"":""TOKYOLIFE"",""Chất liệu"":""Cotton pha Spandex"",""Xuất xứ"":""Việt Nam"",""Phong cách"":""Cơ bản"",""Mẫu"":""Trơn"",""Mùa"":""Mùa hè"",""Tính năng"":""Kháng khuẩn, khử mùi"",""Hoàn cảnh"":""Mặc lót, Mặc ngủ"",""Chiều dài tay áo"":""Sát nách"",""Kiểu cổ áo"":""Cổ chữ U"",""Kiểu áo thun"":""Regular Fit""}",null,150.000 đ
Áo Tanktop TOKYOLIFE Essential Ribbed Cotton Basic Undershirt Dành Cho Nam,Áo thun,TOKYOLIFE,"{""Danh Mục"":""Áo ba lỗ"",""Thương hiệu"":""TOKYOLIFE"",""Chất liệu"":""Cotton gân (Ribbed)"",""Xuất xứ"":""Việt Nam"",""Phong cách"":""Minimalist"",""Mẫu"":""Gân tăm"",""Mùa"":""Mùa hè"",""Tính năng"":""Co giãn tốt, ôm dáng"",""Hoàn cảnh"":""Mặc hàng ngày, Đi biển"",""Chiều dài tay áo"":""Sát nách"",""Kiểu cổ áo"":""Cổ tròn"",""Kiểu áo thun"":""Bodyfit""}",null,180.000 đ
Áo thun ba lỗ nam ROWAY form rộng phong cách thể thao đường phố năng động vải cotton co giãn,Áo thun,ROWAY,"{""Danh Mục"":""Áo ba lỗ"",""Thương hiệu"":""ROWAY"",""Chất liệu"":""Cotton 2 chiều"",""Xuất xứ"":""Việt Nam"",""Phong cách"":""Đường phố, Năng động"",""Mẫu"":""In logo nhỏ"",""Mùa"":""Mùa hè"",""Tính năng"":""Thoáng khí"",""Hoàn cảnh"":""Dạo phố, Chơi thể thao"",""Chiều dài tay áo"":""Sát nách"",""Kiểu cổ áo"":""Cổ tròn"",""Kiểu áo thun"":""Oversize""}",null,165.000 đ
Áo Ba Lỗ Thể Thao Nam ROWAY Vải Mesh Lưới Tập Gym Chạy Bộ Nhanh Khô RW-BL05,Áo thun,ROWAY,"{""Danh Mục"":""Áo ba lỗ"",""Thương hiệu"":""ROWAY"",""Chất liệu"":""Vải Mesh lỗ kim"",""Xuất xứ"":""Việt Nam"",""Phong cách"":""Thể thao chuyên dụng"",""Mẫu"":""Trơn"",""Mùa"":""Mùa hè"",""Tính năng"":""Nhanh khô, siêu nhẹ"",""Hoàn cảnh"":""Tập Gym, Chạy bộ"",""Chiều dài tay áo"":""Sát nách"",""Kiểu cổ áo"":""Cổ tròn rộng"",""Kiểu áo thun"":""Athletic Fit""}",null,145.000 đ
Áo Tank Top ROWAY Oversize Muscle Fit Streetwear Cực Chất Cho Nam RW-TK02,Áo thun,ROWAY,"{""Danh Mục"":""Áo ba lỗ"",""Thương hiệu"":""ROWAY"",""Chất liệu"":""Cotton pha Poly"",""Xuất xứ"":""Việt Nam"",""Phong cách"":""Streetwear, Thể hình"",""Mẫu"":""Trơn"",""Mùa"":""Mùa hè"",""Tính năng"":""Bền bỉ, chịu lực kéo"",""Hoàn cảnh"":""Tập tạ, Dạo phố"",""Chiều dài tay áo"":""Sát nách"",""Kiểu cổ áo"":""Cổ khoét sâu"",""Kiểu áo thun"":""Muscle Fit""}",null,179.000 đ
Áo ba lỗ nam TORANO lụa băng tản nhiệt cao cấp mặc lót trong áo sơ mi mỏng nhẹ tàng hình,Áo thun,TORANO,"{""Danh Mục"":""Áo ba lỗ"",""Thương hiệu"":""TORANO"",""Chất liệu"":""Lụa băng (Ice Silk)"",""Xuất xứ"":""Việt Nam"",""Phong cách"":""Cao cấp, Tối giản"",""Mẫu"":""Trơn"",""Mùa"":""Mùa hè"",""Tính năng"":""Tàng hình, mát lạnh"",""Hoàn cảnh"":""Mặc lót áo sơ mi"",""Chiều dài tay áo"":""Sát nách"",""Kiểu cổ áo"":""Cổ tim sâu"",""Kiểu áo thun"":""Slimfit""}",null,199.000 đ
Áo Ba Lỗ Nam TORANO Basic Cotton Spandex Co Giãn 4 Chiều Ôm Body TRN-BL99,Áo thun,TORANO,"{""Danh Mục"":""Áo ba lỗ"",""Thương hiệu"":""TORANO"",""Chất liệu"":""Cotton Spandex"",""Xuất xứ"":""Việt Nam"",""Phong cách"":""Cơ bản, Thanh lịch"",""Mẫu"":""Trơn"",""Mùa"":""Bốn mùa"",""Tính năng"":""Co giãn 4 chiều, giữ form"",""Hoàn cảnh"":""Mặc lót, Thể thao nhẹ"",""Chiều dài tay áo"":""Sát nách"",""Kiểu cổ áo"":""Cổ vuông"",""Kiểu áo thun"":""Bodyfit""}",null,150.000 đ
Áo tank top nam ZETIS khoét nách sâu cá tính tập gym khoe cơ bắp cực ngầu vải thấm hút,Áo thun,ZETIS,"{""Danh Mục"":""Áo ba lỗ"",""Thương hiệu"":""ZETIS"",""Chất liệu"":""Poly pha thun"",""Xuất xứ"":""Việt Nam"",""Phong cách"":""Cá tính, Gymmer"",""Mẫu"":""Khoét nách sâu"",""Mùa"":""Mùa hè"",""Tính năng"":""Thoát mồ hôi cực nhanh"",""Hoàn cảnh"":""Tập thể hình, Workout"",""Chiều dài tay áo"":""Sát nách"",""Kiểu cổ áo"":""Cổ chữ U sâu"",""Kiểu áo thun"":""Muscle Fit"",""Rất lớn"":""Có""}",null,135.000 đ
Áo Tanktop ZETIS Graphic Print Wash Xám Bụi Bặm Grunge Style Form Rộng Unisex ZT-TK09,Áo thun,ZETIS,"{""Danh Mục"":""Áo ba lỗ"",""Thương hiệu"":""ZETIS"",""Chất liệu"":""Cotton Washed"",""Xuất xứ"":""Việt Nam"",""Phong cách"":""Grunge, Bụi bặm"",""Mẫu"":""Wash xám, In Graphic"",""Mùa"":""Mùa hè"",""Tính năng"":""Phong cách độc bản"",""Hoàn cảnh"":""Đi chơi, Concert"",""Chiều dài tay áo"":""Sát nách"",""Kiểu cổ áo"":""Cổ tròn gãy"",""Kiểu áo thun"":""Oversize""}",null,210.000 đ
Áo ba lỗ nam Coolmate thun lạnh 100% Cotton co giãn 4 chiều thoáng mát tập gym chạy bộ mặc nhà,Áo thun,Coolmate,"{""Danh Mục"":""Áo ba lỗ"",""Thương hiệu"":""Coolmate"",""Chất liệu"":""100% Cotton"",""Xuất xứ"":""Việt Nam"",""Phong cách"":""Thể thao, Năng động"",""Mùa"":""Mùa hè"",""Tính năng"":""Thấm hút tốt, co giãn 4 chiều"",""Hoàn cảnh"":""Tập Gym, Chạy bộ, Mặc nhà"",""Chiều dài tay áo"":""Sát nách"",""Kiểu cổ áo"":""Cổ tròn"",""Kiểu áo thun"":""Slimfit""}",null,160.000 đ
Áo Ba Lỗ Nam Coolmate Cotton Compact Cao Cấp Chống Nhăn CM-BL05,Áo thun,Coolmate,"{""Danh Mục"":""Áo ba lỗ"",""Thương hiệu"":""Coolmate"",""Chất liệu"":""Cotton Compact"",""Xuất xứ"":""Việt Nam"",""Phong cách"":""Tối giản"",""Mẫu"":""Trơn"",""Mùa"":""Bốn mùa"",""Tính năng"":""Chống nhăn, mềm mịn"",""Hoàn cảnh"":""Mặc lót, Mặc hàng ngày"",""Chiều dài tay áo"":""Sát nách"",""Kiểu cổ áo"":""Cổ tròn"",""Kiểu áo thun"":""Regular Fit""}",null,185.000 đ
Áo Tanktop YODY Active Wear Cool-Dry Công Nghệ Tản Nhiệt Nhanh Unisex YD-TK22,Áo thun,YODY,"{""Danh Mục"":""Áo ba lỗ"",""Thương hiệu"":""YODY"",""Chất liệu"":""Thun lạnh Cool-Dry"",""Xuất xứ"":""Việt Nam"",""Phong cách"":""Activewear, Unisex"",""Mùa"":""Mùa hè"",""Tính năng"":""Tản nhiệt nhanh, nhanh khô"",""Hoàn cảnh"":""Thể thao ngoài trời, Đi biển"",""Chiều dài tay áo"":""Sát nách"",""Kiểu cổ áo"":""Cổ tròn"",""Kiểu áo thun"":""Oversize""}",null,220.000 đ
Áo ba lỗ nam YODY sợi sồi Modal siêu mềm mịn kháng khuẩn thoáng khí cản mùi cơ thể tốt,Áo thun,YODY,"{""Danh Mục"":""Áo ba lỗ"",""Thương hiệu"":""YODY"",""Chất liệu"":""Sợi sồi Modal"",""Xuất xứ"":""Việt Nam"",""Phong cách"":""Thanh lịch"",""Mẫu"":""Trơn"",""Mùa"":""Bốn mùa"",""Tính năng"":""Kháng khuẩn, khử mùi, siêu mềm"",""Hoàn cảnh"":""Mặc hàng ngày, Đi du lịch"",""Chiều dài tay áo"":""Sát nách"",""Kiểu cổ áo"":""Cổ tim"",""Kiểu áo thun"":""Regular Fit""}",null,250.000 đ
Áo Tank Top KRIK Muscle Fit Graphic Streetwear Bụi Bặm KR-BL10,Áo thun,KRIK,"{""Danh Mục"":""Áo ba lỗ"",""Thương hiệu"":""KRIK"",""Chất liệu"":""Cotton pha"",""Xuất xứ"":""Việt Nam"",""Phong cách"":""Streetwear, Bụi bặm"",""Mẫu"":""In Graphic"",""Mùa"":""Mùa hè"",""Tính năng"":""Thoáng khí, đứng form"",""Hoàn cảnh"":""Dạo phố, Đi chơi"",""Chiều dài tay áo"":""Sát nách"",""Kiểu cổ áo"":""Cổ khoét sâu"",""Kiểu áo thun"":""Muscle Fit""}",null,195.000 đ
Áo khoác blazer nam JBAGY Classic 3 lớp dày dặn có đệm vai tinh tế JK007,Áo Vest và Blazer,JBAGY,"{""Danh Mục"":""Áo blazer"",""Thương hiệu"":""JBAGY"",""Chất liệu"":""Vải chéo cao cấp"",""Xuất xứ"":""Việt Nam"",""Phong cách"":""Hàn Quốc, Thanh lịch"",""Mẫu"":""Trơn"",""Mùa"":""Thu Đông / Bốn mùa"",""Tính năng"":""3 lớp dày dặn, Có đệm vai, Giữ form"",""Hoàn cảnh"":""Công sở, Đám cưới, Sự kiện, Đi chơi"",""Chiều dài tay áo"":""Tay dài"",""Kiểu cổ áo"":""Cổ Blazer (Lapel)"",""Kiểu nút"":""1 nút / 2 nút"",""Kiểu áo khoác"":""Blazer Classic""}",https://shopee.vn/%C3%81o-kho%C3%A1c-blazer-nam-JBAGY-Classic-3-l%E1%BB%9Bp-d%E1%BA%A7y-d%E1%BA%B7n-c%C3%B3-%C4%91%E1%BB%87m-vai-tinh-t%E1%BA%BF-phong-c%C3%A1ch-H%C3%A0n-Qu%E1%BB%91c-JK007-i.259681663.9952288498?extraParams=%7B%22display_model_id%22%3A45308845077%2C%22model_selection_logic%22%3A3%7D,599.000đ
Áo khoác Blazer nam JBAGY Atelier Jacket ve nhọn vải âu cao cấp JK0102,Áo Vest và Blazer,JBAGY,"{""Danh Mục"":""Áo blazer"",""Thương hiệu"":""JBAGY"",""Chất liệu"":""Vải Âu cao cấp"",""Xuất xứ"":""Việt Nam"",""Phong cách"":""Sang trọng, Atelier hiện đại"",""Mẫu"":""Trơn"",""Mùa"":""Bốn mùa"",""Tính năng"":""Ve nhọn tinh tế, Đứng form, Chống nhăn"",""Hoàn cảnh"":""Sự kiện, Tiệc cưới, Công sở, Hẹn hò"",""Chiều dài tay áo"":""Tay dài"",""Kiểu cổ áo"":""Cổ ve nhọn (Peak Lapel)"",""Kiểu nút"":""1 nút / 2 nút"",""Kiểu áo khoác"":""Blazer Atelier""}",https://shopee.vn/New-Arrivals-%C3%81o-kho%C3%A1c-Blazer-nam-JBAGY-Atelier-Jacket-ve-nh%E1%BB%8Dn-v%E1%BA%A3i-%C3%A2u-cao-c%E1%BA%A5p-JK0102-i.259681663.41825903590?extraParams=%7B%22display_model_id%22%3A310034869939%2C%22model_selection_logic%22%3A3%7D,659.000đ
Áo khoác blazer nam quốc dân ARMCEO Conal 3 lớp có đệm vai cao cấp chất liệu Arims độc quyền B01,Áo Vest và Blazer,ARMCEO,"{""Danh Mục"":""Áo blazer"",""Thương hiệu"":""ARMCEO"",""Chất liệu"":""Vải Arims độc quyền (3 lớp)"",""Xuất xứ"":""Việt Nam"",""Phong cách"":""Lịch lãm, Quốc dân"",""Mẫu"":""Trơn"",""Mùa"":""Thu Đông, Bốn mùa"",""Tính năng"":""Có đệm vai, Chống nhăn, Giữ form tốt"",""Hoàn cảnh"":""Đi làm, Sự kiện, Đám cưới, Đi chơi"",""Chiều dài tay áo"":""Tay dài"",""Kiểu cổ áo"":""Cổ Blazer (Lapel)"",""Kiểu nút"":""1 nút / 2 nút"",""Kiểu áo khoác"":""Blazer Classic""}",https://shopee.vn/%C3%81o-kho%C3%A1c-blazer-nam-qu%E1%BB%91c-d%C3%A2n-ARMCEO-Conal-3-l%E1%BB%9Bp-c%C3%B3-%C4%91%E1%BB%87m-vai-cao-c%E1%BA%A5p-ch%E1%BA%A5t-li%E1%BB%87u-Arims-%C4%91%E1%BB%99c-quy%E1%BB%81n-d%C3%A0y-d%E1%BA%B7n-B01-i.842092370.19237655448?extraParams=%7B%22display_model_id%22%3A156808242406%2C%22model_selection_logic%22%3A3%7D,390.000đ
Áo blazer nam nữ kẻ sọc unisex ARMCEO chất liệu cotton spandex đứng form ARK02,Áo Vest và Blazer,ARMCEO,"{""Danh Mục"":""Áo blazer"",""Thương hiệu"":""ARMCEO"",""Chất liệu"":""Cotton Spandex"",""Xuất xứ"":""Việt Nam"",""Phong cách"":""Unisex, Trẻ trung, Hiện đại"",""Mẫu"":""Kẻ sọc (Striped)"",""Mùa"":""Bốn mùa"",""Tính năng"":""Đứng form, Co giãn nhẹ, Thoáng khí"",""Hoàn cảnh"":""Đi chơi, Dạo phố, Đi học, Sự kiện nhẹ"",""Chiều dài tay áo"":""Tay dài"",""Kiểu cổ áo"":""Cổ Blazer (Lapel)"",""Kiểu nút"":""1 nút / 2 nút"",""Kiểu áo khoác"":""Blazer Unisex""}",https://shopee.vn/%C3%81o-blazer-nam-n%E1%BB%AF-k%E1%BA%BB-s%E1%BB%8Dc-unisex-ARMCEO-m%E1%BB%9Bi-nh%E1%BA%A5t-ch%E1%BA%A5t-li%E1%BB%87u-cotton-spandex-%C4%91%E1%BB%A9ng-form-ARK02-i.842092370.29863742310?extraParams=%7B%22display_model_id%22%3A49472804282%2C%22model_selection_logic%22%3A3%7D,360.000đ
Áo khoác Blazer nam ROWAY chất liệu Linen cao cấp thoáng mát,Áo Vest và Blazer,ROWAY,"{""Danh Mục"":""Áo blazer"",""Thương hiệu"":""ROWAY"",""Chất liệu"":""Linen (Vải lanh) cao cấp"",""Xuất xứ"":""Việt Nam"",""Phong cách"":""Lịch lãm, Phóng khoáng, Casual"",""Mẫu"":""Trơn / Vân vải tự nhiên"",""Mùa"":""Mùa hè, Xuân Hè"",""Tính năng"":""Thoáng khí, Thấm hút tốt, Nhẹ nhàng, Không đệm vai"",""Hoàn cảnh"":""Đi du lịch, Đi tiệc ngoài trời, Dạo phố, Đi làm"",""Chiều dài tay áo"":""Tay dài"",""Kiểu cổ áo"":""Cổ Blazer (Lapel)"",""Kiểu nút"":""2 nút"",""Kiểu áo khoác"":""Blazer Linen""}",https://shopee.vn/%C3%81o-kho%C3%A1c-ROWAY-ch%E1%BA%A5t-li%E1%BB%87u-linen-cao-c%E1%BA%A5p-Blazer-linen-i.358123846.44265464011?extraParams=%7B%22display_model_id%22%3A296275175496%2C%22model_selection_logic%22%3A3%7D,450.000đ
Áo khoác Blazer nam JBAGY Atelier Jacket ve nhọn vải âu cao cấp JK0102,Áo Vest và Blazer,JBAGY,"{""Danh Mục"":""Áo blazer"",""Thương hiệu"":""JBAGY"",""Chất liệu"":""Vải Âu cao cấp"",""Xuất xứ"":""Việt Nam"",""Phong cách"":""Sang trọng, Atelier hiện đại"",""Mẫu"":""Trơn"",""Mùa"":""Bốn mùa"",""Tính năng"":""Ve nhọn tinh tế, Đứng form, Chống nhăn"",""Hoàn cảnh"":""Sự kiện, Tiệc cưới, Công sở, Hẹn hò"",""Chiều dài tay áo"":""Tay dài"",""Kiểu cổ áo"":""Cổ ve nhọn (Peak Lapel)"",""Kiểu nút"":""1 nút / 2 nút"",""Kiểu áo khoác"":""Blazer Atelier""}",https://shopee.vn/New-Arrivals-%C3%81o-kho%C3%A1c-Blazer-nam-JBAGY-Atelier-Jacket-ve-nh%E1%BB%8Dn-v%E1%BA%A3i-%C3%A2u-cao-c%E1%BA%A5p-JK0102-i.259681663.41825903590?extraParams=%7B%7D,659.000đ
Áo blazer nam ARISTINO cao cấp form vừa vặn tôn dáng lịch lãm công sở dự tiệc,Áo Vest và Blazer,ARISTINO,"{""Danh Mục"":""Áo blazer"",""Thương hiệu"":""ARISTINO"",""Chất liệu"":""Wool pha"",""Xuất xứ"":""Việt Nam"",""Phong cách"":""Lịch lãm, Sang trọng"",""Mẫu"":""Trơn"",""Mùa"":""Bốn mùa"",""Tính năng"":""Đứng form, không nhăn"",""Hoàn cảnh"":""Đi làm, Dự tiệc"",""Chiều dài tay áo"":""Dài tay"",""Kiểu cổ áo"":""Cổ ve chữ V"",""Kiểu nút"":""2 nút""}",null,719.000 đ
Áo Blazer Nam ARISTINO Chất Liệu Kaki Thoáng Mát Kiểu Dáng Hiện Đại ABZ01,Áo Vest và Blazer,ARISTINO,"{""Danh Mục"":""Áo blazer"",""Thương hiệu"":""ARISTINO"",""Chất liệu"":""Kaki thun"",""Xuất xứ"":""Việt Nam"",""Phong cách"":""Hiện đại, Công sở"",""Mẫu"":""Trơn"",""Mùa"":""Mùa thu"",""Tính năng"":""Mềm mại, co giãn nhẹ"",""Hoàn cảnh"":""Công sở, Đi chơi"",""Chiều dài tay áo"":""Dài tay"",""Kiểu cổ áo"":""Cổ ve xếch"",""Kiểu nút"":""1 nút""}",null,699.000 đ
Áo Blazer ARISTINO Premium Tailored Fit Suit Jacket Phong Cách Sartorial ABZ02,Áo Vest và Blazer,ARISTINO,"{""Danh Mục"":""Áo blazer"",""Thương hiệu"":""ARISTINO"",""Chất liệu"":""Polyester pha Wool"",""Xuất xứ"":""Việt Nam"",""Phong cách"":""Sartorial, Cổ điển"",""Mẫu"":""Kẻ sọc (Pinstripe)"",""Mùa"":""Thu Đông"",""Tính năng"":""Giữ nếp hoàn hảo"",""Hoàn cảnh"":""Gặp đối tác, Sự kiện quan trọng"",""Chiều dài tay áo"":""Dài tay"",""Kiểu cổ áo"":""Cổ ve bản to"",""Kiểu nút"":""6 nút (Double breasted)""}",null,729.000 đ
Áo blazer nam OWEN dáng ôm slimfit màu xanh navy basic dễ phối đồ đi làm đi chơi,Áo Vest và Blazer,OWEN,"{""Danh Mục"":""Áo blazer"",""Thương hiệu"":""OWEN"",""Chất liệu"":""Vải Nano"",""Xuất xứ"":""Việt Nam"",""Phong cách"":""Thanh lịch, Cơ bản"",""Mẫu"":""Trơn"",""Mùa"":""Bốn mùa"",""Tính năng"":""Chống nhăn, mềm nhẹ"",""Hoàn cảnh"":""Đi làm, Dạo phố"",""Chiều dài tay áo"":""Dài tay"",""Kiểu cổ áo"":""Cổ ve xuôi"",""Kiểu nút"":""2 nút""}",null,500.000 đ
Áo Khoác Blazer Nam OWEN Kẻ Caro Trẻ Trung Vải Tuyết Mưa Đứng Form OWB99,Áo Vest và Blazer,OWEN,"{""Danh Mục"":""Áo blazer"",""Thương hiệu"":""OWEN"",""Chất liệu"":""Vải tuyết mưa"",""Xuất xứ"":""Việt Nam"",""Phong cách"":""Trẻ trung, Hiện đại"",""Mẫu"":""Kẻ caro"",""Mùa"":""Thu Đông"",""Tính năng"":""Dày dặn, giữ ấm nhẹ"",""Hoàn cảnh"":""Đi học, Cafe, Hẹn hò"",""Chiều dài tay áo"":""Dài tay"",""Kiểu cổ áo"":""Cổ ve xuôi"",""Kiểu nút"":""2 nút""}",null,600.000 đ
Áo Blazer Nam OWEN Smart Casual Unlined Blazer Mỏng Nhẹ Thoáng Mát OWB88,Áo Vest và Blazer,OWEN,"{""Danh Mục"":""Áo blazer"",""Thương hiệu"":""OWEN"",""Chất liệu"":""Cotton pha Linen"",""Xuất xứ"":""Việt Nam"",""Phong cách"":""Smart Casual"",""Mẫu"":""Trơn"",""Mùa"":""Mùa hè, Mùa thu"",""Tính năng"":""Không lót đệm vai, siêu thoáng"",""Hoàn cảnh"":""Dạo phố, Đi làm mùa hè"",""Chiều dài tay áo"":""Dài tay"",""Kiểu cổ áo"":""Cổ ve xuôi mềm"",""Kiểu nút"":""1 nút""}",null,630.000 đ
Áo blazer nam POLOMAN phong cách Hàn Quốc form rộng oversize trẻ trung màu đen trơn,Áo Vest và Blazer,POLOMAN,"{""Danh Mục"":""Áo blazer"",""Thương hiệu"":""POLOMAN"",""Chất liệu"":""Vải tây cao cấp"",""Xuất xứ"":""Việt Nam"",""Phong cách"":""Hàn Quốc, Trẻ trung"",""Mẫu"":""Trơn"",""Mùa"":""Bốn mùa"",""Tính năng"":""Rộng rãi, thoải mái"",""Hoàn cảnh"":""Đi chơi, Chụp ảnh"",""Chiều dài tay áo"":""Dài tay"",""Kiểu cổ áo"":""Cổ bẻ"",""Kiểu nút"":""2 nút""}",null,650.000 đ
Áo Blazer Nam POLOMAN Tay Lỡ Dáng Suông Phối Túi Nắp Cổ Điển PLB05,Áo Vest và Blazer,POLOMAN,"{""Danh Mục"":""Áo blazer"",""Thương hiệu"":""POLOMAN"",""Chất liệu"":""Polyester pha Spandex"",""Xuất xứ"":""Việt Nam"",""Phong cách"":""Cổ điển, Năng động"",""Mẫu"":""Trơn có nắp túi"",""Mùa"":""Mùa hè, Mùa thu"",""Tính năng"":""Đứng form, co giãn nhẹ"",""Hoàn cảnh"":""Dạo phố, Sự kiện nhẹ"",""Chiều dài tay áo"":""Tay lỡ"",""Kiểu cổ áo"":""Cổ ve xuôi"",""Kiểu nút"":""1 nút""}",null,590.000 đ
Áo Blazer POLOMAN Oversized Suit Jacket Streetstyle Bụi Bặm Nam Nữ Unisex PLB08,Áo Vest và Blazer,POLOMAN,"{""Danh Mục"":""Áo blazer"",""Thương hiệu"":""POLOMAN"",""Chất liệu"":""Vải Kaki thô"",""Xuất xứ"":""Việt Nam"",""Phong cách"":""Streetstyle, Unisex"",""Mẫu"":""Trơn"",""Mùa"":""Bốn mùa"",""Tính năng"":""Form rộng cá tính"",""Hoàn cảnh"":""Đi quẩy, Sự kiện thời trang"",""Chiều dài tay áo"":""Dài tay"",""Kiểu cổ áo"":""Cổ ve xếch"",""Kiểu nút"":""2 nút""}",null,690.000 đ
Áo Blazer Nam SUKIYA Vải Đũi Linen Tự Nhiên Phong Cách Nhật Bản Tối Giản Mát Mẻ SKB01,Áo Vest và Blazer,SUKIYA,"{""Danh Mục"":""Áo blazer"",""Thương hiệu"":""SUKIYA"",""Chất liệu"":""Vải đũi (Linen) 100%"",""Xuất xứ"":""Việt Nam"",""Phong cách"":""Tối giản (Minimalism), Nhật Bản"",""Mẫu"":""Vân đũi tự nhiên"",""Mùa"":""Mùa hè"",""Tính năng"":""Cực mát, thân thiện môi trường"",""Hoàn cảnh"":""Dạo phố, Mặc hàng ngày, Đi du lịch"",""Chiều dài tay áo"":""Dài tay"",""Kiểu cổ áo"":""Cổ ve xuôi mềm"",""Kiểu nút"":""1 nút cúc gỗ""}",null,750.000 đ
Áo blazer nam ZETIS vải kaki Hàn Quốc form rộng phong cách trẻ trung năng động mặc đi chơi dạo phố,Áo Vest và Blazer,ZETIS,"{""Danh Mục"":""Áo blazer"",""Thương hiệu"":""ZETIS"",""Chất liệu"":""Kaki Hàn Quốc"",""Xuất xứ"":""Việt Nam"",""Phong cách"":""Trẻ trung, Năng động"",""Mẫu"":""Trơn"",""Mùa"":""Mùa thu"",""Tính năng"":""Thoáng mát, giữ form"",""Hoàn cảnh"":""Đi chơi, Dạo phố"",""Chiều dài tay áo"":""Dài tay"",""Kiểu cổ áo"":""Cổ ve chữ V"",""Kiểu nút"":""1 nút""}",null,550.000 đ
Áo Blazer ZETIS Oversized Suit Jacket Streetwear Unisex Form Rộng ZT-B02,Áo Vest và Blazer,ZETIS,"{""Danh Mục"":""Áo blazer"",""Thương hiệu"":""ZETIS"",""Chất liệu"":""Polyester pha Spandex"",""Xuất xứ"":""Việt Nam"",""Phong cách"":""Streetwear, Unisex"",""Mẫu"":""Túi đắp nổi"",""Mùa"":""Bốn mùa"",""Tính năng"":""Rộng rãi, thoải mái"",""Hoàn cảnh"":""Chụp hình, Sự kiện"",""Chiều dài tay áo"":""Dài tay"",""Kiểu cổ áo"":""Cổ ve xếch"",""Kiểu nút"":""2 nút""}",null,620.000 đ
Áo Blazer Nam ZUNE.ZX Thiết Kế Bất Đối Xứng Phá Cách Darkwear ZX-BL99,Áo Vest và Blazer,ZUNE.ZX,"{""Danh Mục"":""Áo blazer"",""Thương hiệu"":""ZUNE.ZX"",""Chất liệu"":""Kaki thô"",""Xuất xứ"":""Việt Nam"",""Phong cách"":""Darkwear, Phá cách"",""Mẫu"":""Cắt xẻ bất đối xứng (Asymmetrical)"",""Mùa"":""Thu Đông"",""Tính năng"":""Độc bản, cá tính mạnh"",""Hoàn cảnh"":""Sự kiện thời trang, Party"",""Chiều dài tay áo"":""Dài tay"",""Kiểu cổ áo"":""Cổ ve bản to"",""Kiểu nút"":""Dây đai gài kim loại""}",null,850.000 đ
Áo blazer nam ZUNE.ZX màu đen dáng suông rộng phong cách Gothic đường phố đính khuyên kim loại,Áo Vest và Blazer,ZUNE.ZX,"{""Danh Mục"":""Áo blazer"",""Thương hiệu"":""ZUNE.ZX"",""Chất liệu"":""Vải Tây (Suiting) dày dặn"",""Xuất xứ"":""Việt Nam"",""Phong cách"":""Gothic, Streetwear"",""Mẫu"":""Trơn đính khuyên kim loại"",""Mùa"":""Bốn mùa"",""Tính năng"":""Đứng form, cá tính"",""Hoàn cảnh"":""Đi quẩy, Lên đồ OOTD"",""Chiều dài tay áo"":""Dài tay"",""Kiểu cổ áo"":""Cổ ve xuôi"",""Kiểu nút"":""1 nút""}",null,890.000 đ
Áo chống nắng nam 2 lớp AVANCOMAN cao cấp chống tia UV,Áo khoác,AVANCOMAN,"{""Danh Mục"":""Áo chống nắng"",""Thương hiệu"":""AVANCOMAN"",""Chất liệu"":""Vải dù"",""Xuất xứ"":""Việt Nam"",""Phong cách"":""Thể thao"",""Mẫu"":""Trơn"",""Mùa"":""Mùa hè"",""Tính năng"":""Chống tia UV, 2 lớp"",""Hoàn cảnh"":""Đi ngoài trời, Đi phượt"",""Chiều dài tay áo"":""Dài tay"",""Kiểu áo khoác"":""Áo chống nắng""}",https://shopee.vn/%C3%81o-ch%E1%BB%91ng-n%E1%BA%AFng-nam-2-l%E1%BB%9Bp-AVANCOMAN-cao-c%E1%BA%A5p-ch%E1%BB%91ng-tia-UV-m%E1%BA%ABu-m%E1%BB%9Bi-m%C3%B9a-h%C3%A8-2025-i.198069764.7125195081,189.000đ
Áo Chống Nắng Nam GUZADO Vải Extracool Co Giãn Làm Mát Chống Tia UV GCN02,Áo khoác,GUZADO,"{""Danh Mục"":""Áo chống nắng"",""Thương hiệu"":""GUZADO"",""Chất liệu"":""Vải Extracool (Polyester phối Spandex)"",""Xuất xứ"":""Việt Nam"",""Phong cách"":""Thể thao, Năng động"",""Mẫu"":""Trơn"",""Mùa"":""Mùa hè"",""Tính năng"":""Chống tia UV, Làm mát, Co giãn 4 chiều, Thoáng khí"",""Hoàn cảnh"":""Đi ngoài trời, Chơi thể thao, Đi làm"",""Chiều dài tay áo"":""Dài tay (có xỏ ngón)"",""Kiểu nút"":""Khóa kéo"",""Kiểu áo khoác"":""Áo chống nắng""}",https://shopee.vn/%C3%81o-Ch%E1%BB%91ng-N%E1%BA%AFng-Nam-GUZADO-V%E1%BA%A3i-Extracool-Co-Gi%C3%A3n-L%C3%A0m-M%C3%A1t-Ch%E1%BB%91ng-Tia-UV-V%C6%B0%E1%BB%A3t-Tr%E1%BB%99i-GCN02-i.201774917.24219899492?extraParams=%7B%22display_model_id%22%3A187384117765%2C%22model_selection_logic%22%3A3%7D,255.000đ
Áo Chống Nắng Nam Uniplus Cao Cấp mỏng nhẹ thoáng mát chống tia UV AVANCOMAN,Áo khoác,AVANCOMAN,"{""Danh Mục"":""Áo chống nắng"",""Thương hiệu"":""Uniplus"",""Chất liệu"":""Vải thun lạnh, sợi gốm chống tia UV"",""Xuất xứ"":""Việt Nam"",""Phong cách"":""Thể thao, Thường ngày"",""Mẫu"":""Trơn"",""Mùa"":""Mùa hè"",""Tính năng"":""Chống tia UV (UPF 50+), Thoáng mát, Mỏng nhẹ, Có mũ"",""Hoàn cảnh"":""Đi nắng, Chạy bộ, Đi câu, Hoạt động ngoài trời"",""Chiều dài tay áo"":""Tay dài (Có xỏ ngón)"",""Kiểu cổ áo"":""Cổ cao che mặt"",""Kiểu áo khoác"":""Áo khoác chống nắng""}",https://shopee.vn/%C3%81o-Ch%E1%BB%91ng-N%E1%BA%AFng-Nam-Uniplus-Cao-C%E1%BA%A5p-m%E1%BB%8Fng-nh%E1%BA%B9-tho%C3%A1ng-m%C3%A1t-ch%E1%BB%91ng-tia-UV-AVANCOMAN-i.198069764.5318830937?extraParams=%7B%22display_model_id%22%3A14200020566%2C%22model_selection_logic%22%3A3%7D,159.000đ
Áo Chống Nắng Nam GUZADO Chất Liệu Coolmax Thoáng Mát Thấm Hút Chống Nóng Chống UV Tốt GCN02,Áo khoác,GUZADO,"{""Danh Mục"":""Áo chống nắng"",""Thương hiệu"":""GUZADO"",""Chất liệu"":""Coolmax / Thun lạnh"",""Xuất xứ"":""Việt Nam"",""Phong cách"":""Thể thao, Năng động, Tiện dụng"",""Mẫu"":""Trơn"",""Mùa"":""Mùa hè, Bốn mùa"",""Tính năng"":""Chống tia UV (UPF 50+), Làm mát cơ thể, Thấm hút mồ hôi, Lưới tản nhiệt"",""Hoàn cảnh"":""Đi đường, Lái xe, Hoạt động ngoài trời"",""Chiều dài tay áo"":""Tay dài (Thiết kế xỏ ngón)"",""Kiểu cổ áo"":""Có mũ trùm đầu che kín"",""Kiểu nút"":""Khóa kéo (Zipper)""}",https://shopee.vn/%C3%81o-Ch%E1%BB%91ng-N%E1%BA%AFng-Nam-GUZADO-Ch%E1%BA%A5t-Li%E1%BB%87u-Coolmax-Tho%C3%A1ng-M%C3%A1t-Th%E1%BA%A5m-H%C3%BAt-Ch%E1%BB%91ng-N%C3%B3ng-Ch%E1%BB%91ng-UV-T%E1%BB%91t-GCN02-i.1585088865.47206494653?extraParams=%7B%22display_model_id%22%3A216367173327%2C%22model_selection_logic%22%3A3%7D&sp_atk=e89b6dcd-d1ad-4b86-b7a3-c33d0aea9443&xptdk=e89b6dcd-d1ad-4b86-b7a3-c33d0aea9443,239.000đ
Áo chống nắng nam che trán AVANCOMAN vải UMI cao cấp chống tia UV thoáng mát chống nhăn mẫu mới,Áo khoác,AVANCOMAN,"{""Danh Mục"":""Áo chống nắng"",""Thương hiệu"":""AVANCOMAN"",""Chất liệu"":""Vải UMI cao cấp"",""Xuất xứ"":""Việt Nam"",""Phong cách"":""Thể thao, Hiện đại, Tiện dụng"",""Mẫu"":""Trơn / Thiết kế che trán"",""Mùa"":""Mùa hè, Bốn mùa"",""Tính năng"":""Chống tia UV, Thiết kế mũ trùm che trán, Thoáng mát, Chống nhăn"",""Hoàn cảnh"":""Đi đường, Lái xe, Hoạt động ngoài trời nắng"",""Chiều dài tay áo"":""Tay dài (Thiết kế xỏ ngón)"",""Kiểu cổ áo"":""Có mũ trùm đầu che kín trán"",""Kiểu nút"":""Khóa kéo (Zipper kéo cao)""}",https://shopee.vn/%C3%81o-ch%E1%BB%91ng-n%E1%BA%AFng-nam-che-tr%C3%A1n-AVANCOMAN-v%E1%BA%A3i-UMI-cao-c%E1%BA%A5p-ch%E1%BB%91ng-tia-UV-tho%C3%A1ng-m%C3%A1t-ch%E1%BB%91ng-nh%C4%83n-m%E1%BA%ABu-m%E1%BB%9Bi-2025-i.198069764.41806645424?extraParams=%7B%22display_model_id%22%3A285559978907%2C%22model_selection_logic%22%3A3%7D&sp_atk=1b0937b3-3f71-453f-b44b-5295be9d08ab&xptdk=1b0937b3-3f71-453f-b44b-5295be9d08ab,250.000đ
Áo khoác chống nắng nam CANIFA dài tay có mũ kéo khoá bản cải tiến 8OT24S001,Áo khoác,CANIFA,"{""Danh Mục"":""Áo chống nắng"",""Thương hiệu"":""CANIFA"",""Chất liệu"":""Vải chống tia UV cao cấp thoáng khí"",""Xuất xứ"":""Việt Nam"",""Phong cách"":""Năng động, Tiện dụng, Thể thao"",""Mẫu"":""Trơn / Bản cải tiến"",""Mùa"":""Mùa hè, Bốn mùa"",""Tính năng"":""Chống tia UV, Có mũ trùm, Kéo khóa tiện lợi, Khô nhanh, Mỏng nhẹ"",""Hoàn cảnh"":""Đi đường, Hoạt động ngoài trời, Thể thao, Mặc hằng ngày"",""Chiều dài tay áo"":""Tay dài"",""Kiểu cổ áo"":""Có mũ trùm đầu"",""Kiểu khóa"":""Khóa kéo (Zipper)""}",https://shopee.vn/%C3%81o-kho%C3%A1c-ch%E1%BB%91ng-n%E1%BA%AFng-nam-CANIFA-d%C3%A0i-tay-c%C3%B3-m%C5%A9-k%C3%A9o-kho%C3%A1-b%E1%BA%A3n-c%E1%BA%A3i-ti%E1%BA%BFn-8OT24S001-i.70681764.3054340209?extraParams=%7B%22display_model_id%22%3A138283380194%2C%22model_selection_logic%22%3A3%7D,499.000đ
Áo chống nắng nam LAROMA vải thun lạnh cản tia UV cao cấp thoáng mát thiết kế thông hơi mặc mùa hè đi xe máy,Áo khoác,LAROMA,"{""Danh Mục"":""Áo chống nắng"",""Thương hiệu"":""LAROMA"",""Chất liệu"":""Thun lạnh thông hơi"",""Xuất xứ"":""Việt Nam"",""Phong cách"":""Thường ngày, Tiện lợi"",""Mẫu"":""Trơn"",""Mùa"":""Mùa hè"",""Tính năng"":""Chống tia UV (UPF 50+), làm mát"",""Hoàn cảnh"":""Đi xe máy, Mặc ngoài trời"",""Chiều dài tay áo"":""Dài tay xỏ ngón"",""Kiểu cổ áo"":""Có mũ trùm đầu cao"",""Kiểu áo khoác"":""Áo khoác chống nắng"",""Kiểu nút"":""Khóa kéo trơn""}",null,350.000 đ
Áo Khoác Chống Nắng Nam LAROMA Mũ Trùm Đầu Tích Hợp Khẩu Trang Sợi Lạnh UPF50+ LR-CN01,Áo khoác,LAROMA,"{""Danh Mục"":""Áo chống nắng"",""Thương hiệu"":""LAROMA"",""Chất liệu"":""Sợi lạnh tản nhiệt"",""Xuất xứ"":""Việt Nam"",""Phong cách"":""Thể thao, Gọn nhẹ"",""Mẫu"":""Phối màu viền"",""Mùa"":""Mùa hè"",""Tính năng"":""Chống nắng toàn diện, kháng khuẩn"",""Hoàn cảnh"":""Hoạt động ngoài trời, Đi làm"",""Chiều dài tay áo"":""Dài tay xỏ ngón"",""Kiểu cổ áo"":""Cổ kéo cao che mặt"",""Kiểu áo khoác"":""Áo chống nắng"",""Kiểu nút"":""Khóa kéo""}",null,380.000 đ
Áo Chống Nắng TOKYOLIFE SunStop UV Cut Jacket Siêu Nhẹ Kháng Khuẩn Nam Nữ Unisex TL-UV99,Áo khoác,TOKYOLIFE,"{""Danh Mục"":""Áo chống nắng"",""Thương hiệu"":""TOKYOLIFE"",""Chất liệu"":""Polyester chống tia UV"",""Xuất xứ"":""Việt Nam"",""Phong cách"":""Nhật Bản, Tối giản"",""Mẫu"":""Trơn basic"",""Mùa"":""Mùa hè"",""Tính năng"":""SunStop UPF 50+, siêu nhẹ"",""Hoàn cảnh"":""Dạo phố, Đi du lịch"",""Chiều dài tay áo"":""Dài tay"",""Kiểu cổ áo"":""Có mũ liền"",""Kiểu áo khoác"":""Áo khoác gió chống nắng"",""Kiểu nút"":""Khóa kéo YKK""}",null,450.000 đ
Áo khoác đi nắng nam TOKYOLIFE vải dù mỏng nhẹ chống tia cực tím UPF 50+ thoáng mồ hôi túi kéo khóa an toàn,Áo khoác,TOKYOLIFE,"{""Danh Mục"":""Áo chống nắng"",""Thương hiệu"":""TOKYOLIFE"",""Chất liệu"":""Vải dù mỏng nhẹ"",""Xuất xứ"":""Việt Nam"",""Phong cách"":""Năng động, Casual"",""Mẫu"":""Trơn"",""Mùa"":""Mùa hè"",""Tính năng"":""Cản tia cực tím, nhanh khô"",""Hoàn cảnh"":""Đi xe máy, Thể thao nhẹ"",""Chiều dài tay áo"":""Dài tay"",""Kiểu cổ áo"":""Có mũ trùm"",""Kiểu áo khoác"":""Áo dù đi nắng"",""Kiểu nút"":""Khóa kéo"",""Rất lớn"":""Có""}",null,420.000 đ
Áo Chống Nắng Nam CANIFA Vải Mesh Lưới Thoáng Khí Cản Nắng Vượt Trội Bo Thun Gấu CNF-CN05,Áo khoác,CANIFA,"{""Danh Mục"":""Áo chống nắng"",""Thương hiệu"":""CANIFA"",""Chất liệu"":""Vải Mesh lưới"",""Xuất xứ"":""Việt Nam"",""Phong cách"":""Thể thao, Thoáng mát"",""Mẫu"":""Lưới thông hơi"",""Mùa"":""Mùa hè"",""Tính năng"":""Siêu thoáng khí, thoát mồ hôi nhanh"",""Hoàn cảnh"":""Đạp xe, Chạy bộ, Đi phượt"",""Chiều dài tay áo"":""Dài tay"",""Kiểu cổ áo"":""Có mũ"",""Kiểu áo khoác"":""Áo lưới chống nắng"",""Kiểu nút"":""Khóa kéo""}",null,299.000 đ
Áo Khoác Chống Nắng CANIFA Active Sun Protection Hoodie Jacket Dành Cho Nam Đi Phượt Dã Ngoại,Áo khoác,CANIFA,"{""Danh Mục"":""Áo chống nắng"",""Thương hiệu"":""CANIFA"",""Chất liệu"":""Cotton pha Spandex"",""Xuất xứ"":""Việt Nam"",""Phong cách"":""Activewear, Khỏe khoắn"",""Mẫu"":""Trơn có logo phản quang"",""Mùa"":""Mùa hè"",""Tính năng"":""Cản nắng, co giãn thoải mái"",""Hoàn cảnh"":""Dã ngoại, Cắm trại"",""Chiều dài tay áo"":""Dài tay"",""Kiểu cổ áo"":""Có mũ trùm sâu"",""Kiểu áo khoác"":""Hoodie chống nắng"",""Kiểu nút"":""Khóa kéo""}",null,350.000 đ
Áo chống nắng nam ATRASTINO thời trang cao cấp vải lụa băng siêu mát tản nhiệt nhanh form đứng dáng thanh lịch,Áo khoác,ATRASTINO,"{""Danh Mục"":""Áo chống nắng"",""Thương hiệu"":""ATRASTINO"",""Chất liệu"":""Lụa băng (Ice Silk)"",""Xuất xứ"":""Việt Nam"",""Phong cách"":""Thanh lịch, Cao cấp"",""Mẫu"":""Trơn nhẵn"",""Mùa"":""Mùa hè"",""Tính năng"":""Mát lạnh tức thì, chống tia UV 99%"",""Hoàn cảnh"":""Đi làm, Giao tiếp công việc"",""Chiều dài tay áo"":""Dài tay"",""Kiểu cổ áo"":""Cổ trụ kéo cao"",""Kiểu áo khoác"":""Áo đi nắng công sở"",""Kiểu nút"":""Khóa kéo tàng hình""}",null,850.000 đ
Áo Khoác Chống Tia UV Nam ATRASTINO Premium Ice Silk Sun Coat Kiểu Dáng Công Sở Lịch Lãm AT-UV02,Áo khoác,ATRASTINO,"{""Danh Mục"":""Áo chống nắng"",""Thương hiệu"":""ATRASTINO"",""Chất liệu"":""Vải dệt công nghệ Nano"",""Xuất xứ"":""Việt Nam"",""Phong cách"":""Công sở, Lịch lãm"",""Mẫu"":""Vân chìm tinh tế"",""Mùa"":""Mùa hè"",""Tính năng"":""Chống tia UV, chống bám bụi"",""Hoàn cảnh"":""Lái xe ô tô, Mặc ngoài vest"",""Chiều dài tay áo"":""Dài tay"",""Kiểu cổ áo"":""Cổ bẻ giấu mũ"",""Kiểu áo khoác"":""Áo khoác nhẹ đi nắng"",""Kiểu nút"":""Khóa kéo và cúc bấm""}",null,920.000 đ
Áo Chống Nắng ATRASTINO Urban UV Shield Lightweight Jacket Áo Khoác Mùa Hè Tối Giản AT-UV03,Áo khoác,ATRASTINO,"{""Danh Mục"":""Áo chống nắng"",""Thương hiệu"":""ATRASTINO"",""Chất liệu"":""Nylon pha Spandex siêu nhẹ"",""Xuất xứ"":""Việt Nam"",""Phong cách"":""Urban, Hiện đại"",""Mẫu"":""Khối màu Minimalist"",""Mùa"":""Bốn mùa"",""Tính năng"":""Cản gió, chống nắng UPF 40+"",""Hoàn cảnh"":""Đi bộ đô thị, Dạo phố"",""Chiều dài tay áo"":""Dài tay"",""Kiểu cổ áo"":""Có mũ trùm"",""Kiểu áo khoác"":""Áo gió đi nắng"",""Kiểu nút"":""Khóa kéo chống nước""}",null,790.000 đ
Áo chống nắng nam GUZADO thể thao vải kim cương thông hơi túi chéo sâu cản nắng tuyệt đối mặc đi đường cực mát,Áo khoác,GUZADO,"{""Danh Mục"":""Áo chống nắng"",""Thương hiệu"":""GUZADO"",""Chất liệu"":""Vải kim cương (thun xốp)"",""Xuất xứ"":""Việt Nam"",""Phong cách"":""Thể thao, Năng động"",""Mẫu"":""Bề mặt xốp kim cương"",""Mùa"":""Mùa hè"",""Tính năng"":""Cản nắng tuyệt đối, tản nhiệt"",""Hoàn cảnh"":""Lao động ngoài trời, Đi xe máy"",""Chiều dài tay áo"":""Dài tay xỏ ngón"",""Kiểu cổ áo"":""Có mũ, kéo khóa che mặt"",""Kiểu áo khoác"":""Áo chống nắng chuyên dụng"",""Kiểu nút"":""Khóa kéo nhựa""}",null,250.000 đ
Áo chống nắng nam POLOMANOR cao cấp lụa băng mát lạnh chống tia UV tuyệt đối thiết kế thanh lịch mặc đi làm,Áo khoác,POLOMANOR,"{""Danh Mục"":""Áo chống nắng"",""Thương hiệu"":""POLOMANOR"",""Chất liệu"":""Lụa băng (Ice Silk)"",""Xuất xứ"":""Việt Nam"",""Phong cách"":""Thanh lịch, Cao cấp"",""Mẫu"":""Trơn"",""Mùa"":""Mùa hè"",""Tính năng"":""Chống tia UV, làm mát tức thì"",""Hoàn cảnh"":""Đi làm, Lái xe ô tô"",""Chiều dài tay áo"":""Dài tay xỏ ngón"",""Kiểu cổ áo"":""Cổ kéo cao che mặt"",""Kiểu áo khoác"":""Áo chống nắng công sở"",""Kiểu nút"":""Khóa kéo tàng hình""}",null,550.000 đ
Áo Khoác Chống Nắng Nam POLOMANOR Vải Công Nghệ Nano Kháng Khuẩn UPF50+ PLM-CN02,Áo khoác,POLOMANOR,"{""Danh Mục"":""Áo chống nắng"",""Thương hiệu"":""POLOMANOR"",""Chất liệu"":""Vải Nano chống nắng"",""Xuất xứ"":""Việt Nam"",""Phong cách"":""Hiện đại, Tối giản"",""Mẫu"":""Trơn basic"",""Mùa"":""Mùa hè"",""Tính năng"":""Chống tia UV UPF50+, kháng khuẩn"",""Hoàn cảnh"":""Mặc hàng ngày, Hoạt động ngoài trời"",""Chiều dài tay áo"":""Dài tay"",""Kiểu cổ áo"":""Có mũ trùm đầu"",""Kiểu áo khoác"":""Áo khoác nhẹ đi nắng"",""Kiểu nút"":""Khóa kéo""}",null,480.000 đ
Áo Chống Nắng JBAGY Techwear UV Shield Jacket Phong Cách Bụi Bặm Đường Phố JB-UV99,Áo khoác,JBAGY,"{""Danh Mục"":""Áo chống nắng"",""Thương hiệu"":""JBAGY"",""Chất liệu"":""Vải dù pha Spandex"",""Xuất xứ"":""Việt Nam"",""Phong cách"":""Techwear, Đường phố"",""Mẫu"":""Phối túi hộp"",""Mùa"":""Mùa hè"",""Tính năng"":""Cản nắng, chống thấm nước nhẹ"",""Hoàn cảnh"":""Đi phượt, Dạo phố"",""Chiều dài tay áo"":""Dài tay xỏ ngón"",""Kiểu cổ áo"":""Có mũ tháo rời"",""Kiểu áo khoác"":""Áo khoác chống nắng Techwear"",""Kiểu nút"":""Khóa kéo và cúc bấm""}",null,390.000 đ
Áo khoác đi nắng nam JBAGY dáng rộng thoải mái chất dù mỏng nhẹ cản gió chống tia UV đi xe máy tiện lợi,Áo khoác,JBAGY,"{""Danh Mục"":""Áo chống nắng"",""Thương hiệu"":""JBAGY"",""Chất liệu"":""Vải dù mỏng (Nylon)"",""Xuất xứ"":""Việt Nam"",""Phong cách"":""Năng động, Casual"",""Mẫu"":""Trơn"",""Mùa"":""Mùa hè"",""Tính năng"":""Mỏng nhẹ, cản gió lùa, chống tia UV"",""Hoàn cảnh"":""Đi xe máy, Mặc khoác ngoài"",""Chiều dài tay áo"":""Dài tay"",""Kiểu cổ áo"":""Có mũ liền"",""Kiểu áo khoác"":""Áo khoác dù đi nắng"",""Kiểu nút"":""Khóa kéo trơn""}",null,350.000 đ
Áo Hoodie Boxy Zip Teelab Stars Unisex Local Brand Vải Interlock 360gsm HD121,"Áo Hoodie, Áo Len & Áo Nỉ",Teelab,"{""Danh Mục"":""Áo hoodie"",""Thương hiệu"":""Teelab"",""Chất liệu"":""Vải Interlock 360gsm"",""Xuất xứ"":""Việt Nam"",""Phong cách"":""Streetwear, Năng động, Unisex, Cá tính"",""Mẫu"":""In họa tiết Stars / Zip-up"",""Mùa"":""Thu Đông"",""Tính năng"":""Form Boxy rộng ngang đứng dáng, Vải dày dặn 360gsm, Khóa kéo tiện lợi, Giữ ấm"",""Hoàn cảnh"":""Đi học, Đi chơi, Dạo phố, Hằng ngày"",""Chiều dài tay áo"":""Tay dài"",""Kiểu cổ áo"":""Có mũ trùm đầu"",""Kiểu nút"":""Khóa kéo (Zipper)""}",https://shopee.vn/-NEW-ARRIVAL-%C3%81o-Hoodie-Boxy-Zip-Teelab-Stars-Unisex-Local-Brand-V%E1%BA%A3i-Interlock-360gsm-HD121-i.308542026.41070295824?extraParams=%7B%22display_model_id%22%3A99236505026%2C%22model_selection_logic%22%3A3%7D&sp_atk=bf62a612-ce3d-493b-a050-a2c23cf02f98&xptdk=bf62a612-ce3d-493b-a050-a2c23cf02f98,399.000đ
[NEW ARRIVAL] Áo Hoodie Nỉ Bông Teelab Time Flies Unisex Local Brand HD128,"Áo Hoodie, Áo Len & Áo Nỉ",Teelab,"{""Danh Mục"":""Áo hoodie"",""Thương hiệu"":""Teelab"",""Chất liệu"":""Nỉ bông dày dặn"",""Xuất xứ"":""Việt Nam"",""Phong cách"":""Streetwear, Năng động, Unisex"",""Mẫu"":""In graphic Time Flies"",""Mùa"":""Thu Đông"",""Tính năng"":""Form rộng (Oversize), Giữ ấm tốt, Bề mặt mềm mịn"",""Hoàn cảnh"":""Đi học, Đi chơi, Dạo phố, Hằng ngày"",""Chiều dài tay áo"":""Tay dài"",""Kiểu cổ áo"":""Có mũ trùm đầu""}",https://shopee.vn/-NEW-ARRIVAL-%C3%81o-Hoodie-N%E1%BB%89-B%C3%B4ng-Teelab-Time-Flies-Unisex-Local-Brand-HD128-i.308542026.48150290213?extraParams=%7B%22display_model_id%22%3A355025301759%2C%22model_selection_logic%22%3A3%7D&sp_atk=11efce91-8913-423b-968c-21342df2c43f&xptdk=11efce91-8913-423b-968c-21342df2c43f,399.000đ
Áo Hoodie TEELAB Local Brand Áo Khoác Nỉ bông cực dày form rộng nam nữ Unisex (HD2100L),"Áo Hoodie, Áo Len & Áo Nỉ",Teelab,"{""Danh Mục"":""Áo hoodie"",""Thương hiệu"":""TEELAB"",""Chất liệu"":""Nỉ bông cực dày"",""Xuất xứ"":""Việt Nam"",""Phong cách"":""Streetwear, Năng động, Unisex"",""Mẫu"":""In chữ / Graphic (Thank You)"",""Mùa"":""Thu Đông"",""Tính năng"":""Form rộng (Oversize), Giữ ấm siêu tốt, Mũ trùm rộng"",""Hoàn cảnh"":""Đi học, Đi chơi, Dạo phố, Mùa đông lạnh"",""Chiều dài tay áo"":""Tay dài"",""Kiểu cổ áo"":""Có mũ trùm đầu""}",https://shopee.vn/%C3%81o-Hoodie-TEELAB-Local-Brand-%C3%81o-Kho%C3%A1c-N%E1%BB%89-b%C3%B4ng-c%E1%BB%B1c-d%C3%A0y-form-r%E1%BB%99ng-nam-n%E1%BB%AF-Unisex-(HD2100L-K%C3%A8m-Video-%E1%BA%A2nh-th%E1%BA%ADt)-(Thank-Yo-i.1199169169.20387456370?extraParams=%7B%22display_model_id%22%3A197378339194%2C%22model_selection_logic%22%3A3%7D&sp_atk=284d4279-2553-42f7-8674-e7f1589d2b59&xptdk=284d4279-2553-42f7-8674-e7f1589d2b59,350.000đ
Áo Hoodie Len Dệt Kim SUKIYA Form Unisex Nam Nữ Chất Sợi Dệt Dày Ấm mềm Mại AL118,"Áo Hoodie, Áo Len & Áo Nỉ",SUKIYA,"{""Danh Mục"":""Áo hoodie"",""Thương hiệu"":""SUKIYA"",""Chất liệu"":""Len dệt kim dày dặn"",""Xuất xứ"":""Việt Nam"",""Phong cách"":""Hàn Quốc, Unisex, Trẻ trung"",""Mẫu"":""Trơn / Dệt kim"",""Mùa"":""Thu Đông"",""Tính năng"":""Giữ ấm tốt, Sợi len mềm mịn, Không xù lông, Form Unisex"",""Hoàn cảnh"":""Đi học, Đi làm, Dạo phố, Mùa đông"",""Chiều dài tay áo"":""Tay dài"",""Kiểu cổ áo"":""Có mũ trùm đầu""}",https://shopee.vn/%C3%81o-Hoodie-Len-D%E1%BB%87t-Kim-SUKIYA-Form-Unisex-Nam-N%E1%BB%AF-Ch%E1%BA%A5t-S%E1%BB%A3i-D%E1%BB%87t-D%C3%A0y-%E1%BA%A4m-m%E1%BB%81m-M%E1%BA%A1i-AL118-i.38038824.27942729144?extraParams=%7B%22display_model_id%22%3A261908333753%2C%22model_selection_logic%22%3A3%7D&sp_atk=e08cf97b-118e-4eb8-8316-433691f33674&xptdk=e08cf97b-118e-4eb8-8316-433691f33674,249.000đ
Áo Hoodie Len SUKIYA Form Unisex Nam Nữ Chất Sợi Lông Thỏ Siêu Mềm mại Dày Dặn AL118,"Áo Hoodie, Áo Len & Áo Nỉ",SUKIYA,"{""Danh Mục"":""Áo hoodie"",""Thương hiệu"":""SUKIYA"",""Chất liệu"":""Len lông thỏ siêu mềm"",""Xuất xứ"":""Việt Nam"",""Phong cách"":""Hàn Quốc, Unisex, Trẻ trung"",""Mẫu"":""Trơn / Bề mặt lông thỏ"",""Mùa"":""Thu Đông"",""Tính năng"":""Giữ ấm siêu tốt, Siêu mềm mịn, Dày dặn, Form Unisex"",""Hoàn cảnh"":""Đi học, Đi làm, Dạo phố, Mùa đông lạnh"",""Chiều dài tay áo"":""Tay dài"",""Kiểu cổ áo"":""Có mũ trùm đầu""}",https://shopee.vn/%C3%81o-Hoodie-Len-SUKIYA-Form-Unisex-Nam-N%E1%BB%AF-Ch%E1%BA%A5t-S%E1%BB%A3i-L%C3%B4ng-Th%E1%BB%8F-Si%C3%AAu-M%E1%BB%81m-m%E1%BA%A1i-D%C3%A0y-D%E1%BA%B7n-AL118-i.38038824.26342743390?extraParams=%7B%22display_model_id%22%3A179094887578%2C%22model_selection_logic%22%3A3%7D&sp_atk=4e7e1b1c-e81d-4aa1-b2d4-422d016a59b6&xptdk=4e7e1b1c-e81d-4aa1-b2d4-422d016a59b6,239.000đ
Áo nỉ nam CANIFA áo hoodie có mũ dài tay in họa tiết 8TW25W009,"Áo Hoodie, Áo Len & Áo Nỉ",CANIFA,"{""Danh Mục"":""Áo hoodie"",""Thương hiệu"":""CANIFA"",""Chất liệu"":""Nỉ dày dặn"",""Xuất xứ"":""Việt Nam"",""Phong cách"":""Năng động, Trẻ trung, Casual"",""Mẫu"":""In họa tiết (Graphic)"",""Mùa"":""Thu Đông"",""Tính năng"":""Giữ ấm tốt, Có mũ trùm đầu, Form thoải mái, Bền màu"",""Hoàn cảnh"":""Đi học, Đi chơi, Dạo phố, Mặc hằng ngày"",""Chiều dài tay áo"":""Tay dài"",""Kiểu cổ áo"":""Có mũ trùm đầu""}",https://shopee.vn/%C3%81o-n%E1%BB%89-nam-CANIFA-%C3%A1o-hoodie-c%C3%B3-m%C5%A9-d%C3%A0i-tay-in-h%E1%BB%8Da-ti%E1%BA%BFt-8TW25W009-i.70681764.43274454125?extraParams=%7B%22display_model_id%22%3A395405517907%2C%22model_selection_logic%22%3A3%7D&sp_atk=bee54347-2b65-4a19-bcd8-14d45fcc82cc&xptdk=bee54347-2b65-4a19-bcd8-14d45fcc82cc,430.000đ
Áo hoodie nam HEYMAN form rộng lót lông cừu ấm áp mùa đông phong cách đường phố năng động dễ phối đồ,"Áo Hoodie, Áo Len & Áo Nỉ",HEYMAN,"{""Danh Mục"":""Áo hoodie"",""Thương hiệu"":""HEYMAN"",""Chất liệu"":""Nỉ bông lót lông cừu"",""Xuất xứ"":""Việt Nam"",""Phong cách"":""Streetwear, Năng động"",""Mẫu"":""Trơn"",""Mùa"":""Mùa đông"",""Tính năng"":""Giữ ấm cực tốt, mũ trùm sâu"",""Hoàn cảnh"":""Đi dạo, Đi chơi mùa đông"",""Chiều dài tay áo"":""Dài tay"",""Kiểu cổ áo"":""Có mũ trùm đầu"",""Kiểu áo thun"":""Oversize""}",null,350.000 đ
Áo Hoodie Nam HEYMAN Basic Essential Cạp Bo Thun Vải Nỉ Chân Cua Cao Cấp HM-H01,"Áo Hoodie, Áo Len & Áo Nỉ",HEYMAN,"{""Danh Mục"":""Áo hoodie"",""Thương hiệu"":""HEYMAN"",""Chất liệu"":""Nỉ chân cua"",""Xuất xứ"":""Việt Nam"",""Phong cách"":""Cơ bản, Tối giản"",""Mẫu"":""Logo thêu nhỏ"",""Mùa"":""Thu Đông"",""Tính năng"":""Thoáng khí, mềm mịn"",""Hoàn cảnh"":""Mặc hàng ngày, Đi học"",""Chiều dài tay áo"":""Dài tay"",""Kiểu cổ áo"":""Có mũ trùm đầu"",""Kiểu áo thun"":""Regular Fit""}",null,299.000 đ
Áo Hoodie ZUNE.ZX Darkwear Techwear Zip-up Hoodie Áo Khoác Có Mũ Phá Cách ZX-H05,"Áo Hoodie, Áo Len & Áo Nỉ",ZUNE.ZX,"{""Danh Mục"":""Áo hoodie"",""Thương hiệu"":""ZUNE.ZX"",""Chất liệu"":""Nỉ da cá pha dù"",""Xuất xứ"":""Việt Nam"",""Phong cách"":""Darkwear, Techwear"",""Mẫu"":""Phối túi hộp"",""Mùa"":""Thu Đông"",""Tính năng"":""Cản gió, nhiều túi tiện lợi"",""Hoàn cảnh"":""Chụp ảnh OOTD, Dạo phố đêm"",""Chiều dài tay áo"":""Dài tay"",""Kiểu cổ áo"":""Có mũ trùm đầu"",""Kiểu nút"":""Khóa kéo"",""Kiểu áo thun"":""Oversize""}",null,550.000 đ
Áo hoodie nam ZUNE.ZX unisex form thùng thình màu đen wash xám in graphic mặt quỷ cá tính bụi bặm,"Áo Hoodie, Áo Len & Áo Nỉ",ZUNE.ZX,"{""Danh Mục"":""Áo hoodie"",""Thương hiệu"":""ZUNE.ZX"",""Chất liệu"":""Nỉ bông định lượng cao"",""Xuất xứ"":""Việt Nam"",""Phong cách"":""Streetwear, Cá tính"",""Mẫu"":""Wash xám in Graphic"",""Mùa"":""Thu Đông"",""Tính năng"":""Dày dặn, giữ nếp, bụi bặm"",""Hoàn cảnh"":""Đi quẩy, Sự kiện"",""Chiều dài tay áo"":""Dài tay"",""Kiểu cổ áo"":""Có mũ trùm đầu"",""Kiểu áo thun"":""Boxy Fit""}",null,520.000 đ
Áo Hoodie Nam DIRTYCOINS Logo Print Màu Trắng Kem Vải Dày Dặn Dáng Suông Dễ Thương DC-HD02,"Áo Hoodie, Áo Len & Áo Nỉ",DIRTYCOINS,"{""Danh Mục"":""Áo hoodie"",""Thương hiệu"":""DIRTYCOINS"",""Chất liệu"":""Nỉ cotton"",""Xuất xứ"":""Việt Nam"",""Phong cách"":""Trendy, Unisex"",""Mẫu"":""In Logo trước ngực"",""Mùa"":""Thu Đông"",""Tính năng"":""Màu sắc trendy, dễ phối"",""Hoàn cảnh"":""Hẹn hò, Mặc đôi"",""Chiều dài tay áo"":""Dài tay"",""Kiểu cổ áo"":""Có mũ trùm đầu"",""Kiểu áo thun"":""Oversize""}",null,420.000 đ
Áo Hoodie DIRTYCOINS Y2K Star Pattern Pullover Hoodie Streetstyle Dành Cho Nam Nữ DC-HD09,"Áo Hoodie, Áo Len & Áo Nỉ",DIRTYCOINS,"{""Danh Mục"":""Áo hoodie"",""Thương hiệu"":""DIRTYCOINS"",""Chất liệu"":""Nỉ chân cua 100% Cotton"",""Xuất xứ"":""Việt Nam"",""Phong cách"":""Y2K, Đường phố"",""Mẫu"":""Họa tiết ngôi sao"",""Mùa"":""Thu Đông"",""Tính năng"":""Mềm mại, không xù lông"",""Hoàn cảnh"":""Đi chơi, Lên phố"",""Chiều dài tay áo"":""Dài tay"",""Kiểu cổ áo"":""Có mũ trùm đầu"",""Kiểu áo thun"":""Form suông""}",null,450.000 đ
Áo hoodie nam ARMCEO thể thao chạy bộ vải thun poly co giãn chống tia UV siêu nhẹ khô nhanh,"Áo Hoodie, Áo Len & Áo Nỉ",ARMCEO,"{""Danh Mục"":""Áo hoodie"",""Thương hiệu"":""ARMCEO"",""Chất liệu"":""Thun Poly Spandex"",""Xuất xứ"":""Việt Nam"",""Phong cách"":""Thể thao, Chuyên dụng"",""Mẫu"":""Trơn phối dải phản quang"",""Mùa"":""Bốn mùa"",""Tính năng"":""Khô nhanh, siêu nhẹ, chống UV"",""Hoàn cảnh"":""Tập Gym, Chạy bộ ngoài trời"",""Chiều dài tay áo"":""Dài tay"",""Kiểu cổ áo"":""Có mũ ôm sát cổ""}",null,280.000 đ
Áo Khoác Hoodie Nam ARMCEO Zip-up Tập Gym Cơ Bắp Tôn Dáng Vải Lạnh AC-HD01,"Áo Hoodie, Áo Len & Áo Nỉ",ARMCEO,"{""Danh Mục"":""Áo hoodie"",""Thương hiệu"":""ARMCEO"",""Chất liệu"":""Vải thun lạnh"",""Xuất xứ"":""Việt Nam"",""Phong cách"":""Thể thao, Gymmer"",""Mẫu"":""Trơn dập nổi logo"",""Mùa"":""Mùa hè, Mùa thu"",""Tính năng"":""Thoáng khí tối đa, làm mát"",""Hoàn cảnh"":""Tập luyện, Thể thao"",""Chiều dài tay áo"":""Dài tay"",""Kiểu cổ áo"":""Có mũ trùm đầu"",""Kiểu nút"":""Khóa kéo""}",null,310.000 đ
Áo Hoodie POLOMANOR Premium Minimalist Hoodie Vải Nỉ Dạ Cao Cấp Sang Trọng Lịch Lãm PM-H08,"Áo Hoodie, Áo Len & Áo Nỉ",POLOMANOR,"{""Danh Mục"":""Áo hoodie"",""Thương hiệu"":""POLOMANOR"",""Chất liệu"":""Nỉ dạ cao cấp"",""Xuất xứ"":""Việt Nam"",""Phong cách"":""Smart Casual, Minimalist"",""Mẫu"":""Trơn tinh tế"",""Mùa"":""Mùa đông"",""Tính năng"":""Đứng form, sang trọng"",""Hoàn cảnh"":""Đi làm, Gặp gỡ bạn bè"",""Chiều dài tay áo"":""Dài tay"",""Kiểu cổ áo"":""Có mũ trùm đầu"",""Kiểu áo thun"":""Regular Fit""}",null,350.000 đ
Áo hoodie nam POLOMANOR cộc tay dáng suông vải da cá mặc mùa hè thoáng mát phong cách layer độc đáo,"Áo Hoodie, Áo Len & Áo Nỉ",POLOMANOR,"{""Danh Mục"":""Áo hoodie"",""Thương hiệu"":""POLOMANOR"",""Chất liệu"":""Nỉ da cá mỏng"",""Xuất xứ"":""Việt Nam"",""Phong cách"":""Hiện đại, Layering"",""Mẫu"":""Cộc tay"",""Mùa"":""Mùa hè"",""Tính năng"":""Thoáng mát, dễ phối layer"",""Hoàn cảnh"":""Dạo phố, Cafe"",""Chiều dài tay áo"":""Ngắn tay"",""Kiểu cổ áo"":""Có mũ trùm đầu"",""Kiểu áo thun"":""Oversize""}",null,390.000 đ
Áo hoodie nam SUKIYA phong cách tối giản Nhật Bản vải nỉ bông siêu nhẹ ấm áp mùa đông,"Áo Hoodie, Áo Len & Áo Nỉ",SUKIYA,"{""Danh Mục"":""Áo hoodie"",""Thương hiệu"":""SUKIYA"",""Chất liệu"":""Nỉ bông mềm"",""Xuất xứ"":""Việt Nam"",""Phong cách"":""Nhật Bản, Tối giản"",""Mẫu"":""Trơn basic"",""Mùa"":""Mùa đông"",""Tính năng"":""Siêu nhẹ, giữ nhiệt"",""Hoàn cảnh"":""Mặc hàng ngày, Dạo phố"",""Chiều dài tay áo"":""Dài tay"",""Kiểu cổ áo"":""Có mũ trùm đầu"",""Kiểu áo thun"":""Regular Fit""}",null,350.000 đ
Áo Hoodie Nam SUKIYA Zip-Up Tiện Lợi Vải Da Cá Mềm Mịn SK-HD02,"Áo Hoodie, Áo Len & Áo Nỉ",SUKIYA,"{""Danh Mục"":""Áo hoodie"",""Thương hiệu"":""SUKIYA"",""Chất liệu"":""Nỉ da cá"",""Xuất xứ"":""Việt Nam"",""Phong cách"":""Casual, Tiện dụng"",""Mẫu"":""Trơn"",""Mùa"":""Thu Đông"",""Tính năng"":""Mềm mịn, thấm hút tốt"",""Hoàn cảnh"":""Mặc nhà, Đi học"",""Chiều dài tay áo"":""Dài tay"",""Kiểu cổ áo"":""Có mũ trùm đầu"",""Kiểu nút"":""Khóa kéo"",""Kiểu áo thun"":""Regular Fit""}",null,420.000 đ
Áo Hoodie BOO Oversized Graphic Streetwear Hoodie Cá Tính Unisex B-HD99,"Áo Hoodie, Áo Len & Áo Nỉ",BOO,"{""Danh Mục"":""Áo hoodie"",""Thương hiệu"":""BOO"",""Chất liệu"":""Nỉ chân cua định lượng cao"",""Xuất xứ"":""Việt Nam"",""Phong cách"":""Streetwear, Unisex"",""Mẫu"":""In Graphic mặt lưng"",""Mùa"":""Thu Đông"",""Tính năng"":""Form rộng cá tính, đứng form"",""Hoàn cảnh"":""Đi chơi, Sự kiện OOTD"",""Chiều dài tay áo"":""Dài tay"",""Kiểu cổ áo"":""Có mũ trùm đầu"",""Kiểu áo thun"":""Oversize"",""Rất lớn"":""Có""}",null,550.000 đ
Áo hoodie nam BOO form rộng thêu gấu dễ thương vải nỉ cotton dày dặn năng động dạo phố,"Áo Hoodie, Áo Len & Áo Nỉ",BOO,"{""Danh Mục"":""Áo hoodie"",""Thương hiệu"":""BOO"",""Chất liệu"":""Nỉ cotton dày"",""Xuất xứ"":""Việt Nam"",""Phong cách"":""Trẻ trung, Năng động"",""Mẫu"":""Thêu logo Gấu"",""Mùa"":""Thu Đông"",""Tính năng"":""Giữ ấm, mềm mại"",""Hoàn cảnh"":""Dạo phố, Hẹn hò, Mặc đôi"",""Chiều dài tay áo"":""Dài tay"",""Kiểu cổ áo"":""Có mũ trùm đầu"",""Kiểu áo thun"":""Form suông""}",null,480.000 đ
Áo khoác gió nam daily wear siêu nhẹ trượt nước và chống tia UV Coolmate,Áo khoác,Coolmate,"{""Danh Mục"":""Áo khoác gió"",""Thương hiệu"":""Coolmate"",""Chất liệu"":""100% Polyester"",""Xuất xứ"":""Việt Nam"",""Phong cách"":""Thể thao, Năng động"",""Mẫu"":""Trơn"",""Mùa"":""Bốn mùa"",""Tính năng"":""Siêu nhẹ, Trượt nước, Chống tia UV, Cản gió"",""Hoàn cảnh"":""Đi học, Đi làm, Đi chơi, Hoạt động ngoài trời"",""Chiều dài tay áo"":""Dài tay"",""Kiểu nút"":""Khóa kéo"",""Kiểu áo khoác"":""Áo khoác gió""}",https://shopee.vn/-SALE-T%E1%BA%BET-%C3%81o-kho%C3%A1c-gi%C3%B3-nam-n%E1%BB%AF-unisex-daily-wear-si%C3%AAu-nh%E1%BA%B9-tr%C6%B0%E1%BB%A3t-n%C6%B0%E1%BB%9Bc-v%C3%A0-ch%E1%BB%91ng-tia-UV-Coolmate-i.24710134.20356107080,395.000đ
Áo khoác gió nam YODY thông minh cản gió chống thấm nước cản bụi MCWC25A037,Áo khoác,YODY,"{""Danh Mục"":""Áo khoác gió"",""Thương hiệu"":""YODY"",""Chất liệu"":""100% Polyester"",""Xuất xứ"":""Việt Nam"",""Phong cách"":""Năng động, Tiện lợi"",""Mẫu"":""Trơn"",""Mùa"":""Bốn mùa"",""Tính năng"":""Cản gió, Chống thấm nước, Cản bụi, Giữ ấm"",""Hoàn cảnh"":""Đi làm, Đi chơi, Hoạt động ngoài trời"",""Chiều dài tay áo"":""Dài tay"",""Kiểu nút"":""Khóa kéo"",""Kiểu áo khoác"":""Áo khoác gió""}",https://shopee.vn/%C3%81o-kho%C3%A1c-gi%C3%B3-nam-YODY-th%C3%B4ng-minh-c%E1%BA%A3n-gi%C3%B3-ch%E1%BB%91ng-th%E1%BA%A5m-n%C6%B0%E1%BB%9Bc-c%E1%BA%A3n-b%E1%BB%A5i-MCWC25A037-i.173392916.10745881567,479.000đ
Áo khoác gió nam Yody 3C Promax cản gió cản bụi giữ ấm MCJA25F091,Áo khoác,YODY,"{""Danh Mục"":""Áo khoác gió"",""Thương hiệu"":""Yody"",""Chất liệu"":""100% Polyester"",""Xuất xứ"":""Việt Nam"",""Phong cách"":""Thể thao, Năng động"",""Mẫu"":""Trơn / Phối màu"",""Mùa"":""Mùa thu đông"",""Tính năng"":""Cản gió, Cản bụi, Giữ ấm, Chống thấm nước nhẹ"",""Hoàn cảnh"":""Đi làm, Đi chơi, Hoạt động ngoài trời"",""Chiều dài tay áo"":""Dài tay"",""Kiểu nút"":""Khóa kéo"",""Kiểu áo khoác"":""Áo khoác gió""}",https://shopee.vn/%C3%81o-kho%C3%A1c-gi%C3%B3-nam-Yody-3C-Promax-c%E1%BA%A3n-gi%C3%B3-c%E1%BA%A3n-b%E1%BB%A5i-gi%E1%BB%AF-%E1%BA%A5m-MCJA25F091-i.173392916.20784854176?extraParams=%7B%22display_model_id%22%3A127723127697%2C%22model_selection_logic%22%3A3%7D,499.000đ
Áo khoác gió nam Cao Cấp chống nắng ORIN BST QUIET STRENGTH,Áo khoác,POLOMANOR,"{""Danh Mục"":""Áo khoác gió"",""Thương hiệu"":""POLOMANOR"",""Chất liệu"":""Vải gió cao cấp"",""Xuất xứ"":""Việt Nam"",""Phong cách"":""Thanh lịch, Sang trọng"",""Mẫu"":""Trơn / Phối màu tinh tế"",""Mùa"":""Bốn mùa"",""Tính năng"":""Chống nắng, Cản gió, Trượt nước, Thoáng khí"",""Hoàn cảnh"":""Đi làm, Đi chơi, Sự kiện, Đi ngoài trời"",""Chiều dài tay áo"":""Dài tay"",""Kiểu nút"":""Khóa kéo"",""Kiểu áo khoác"":""Áo khoác gió""}",https://shopee.vn/-NEW-%C3%81o-kho%C3%A1c-gi%C3%B3-nam-Cao-C%E1%BA%A5p-ch%E1%BB%91ng-n%E1%BA%AFng-ORIN-BST-QUIET-STRENGTH-thanh-l%E1%BB%8Bch-POLOMANOR-i.225909574.46950092744?extraParams=%7B%22display_model_id%22%3A370007259468%2C%22model_selection_logic%22%3A3%7D,450.000đ
"Áo khoác gió nam GUZADO cao cấp chống nước chống gió, giữ ấm, kháng bụi tốt GAG15",Áo khoác,GUZADO,"{""Danh Mục"":""Áo khoác gió"",""Thương hiệu"":""GUZADO"",""Chất liệu"":""Vải gió cao cấp"",""Xuất xứ"":""Việt Nam"",""Phong cách"":""Thể thao"",""Mẫu"":""Trơn"",""Mùa"":""Thu Đông"",""Tính năng"":""Chống nước, chống gió, giữ ấm, kháng bụi"",""Hoàn cảnh"":""Hằng ngày, Thể thao"",""Chiều dài tay áo"":""Dài tay"",""Kiểu cổ áo"":""Cổ cao, mũ tháo rời"",""Kiểu nút"":""Khóa kéo"",""Kiểu áo khoác"":""Áo khoác gió""}",https://shopee.vn/%C3%81o-kho%C3%A1c-gi%C3%B3-nam-GUZADO-cao-c%E1%BA%A5p-ch%E1%BB%91ng-n%C6%B0%E1%BB%9Bc-ch%E1%BB%91ng-gi%C3%B3-gi%E1%BB%AF-%E1%BA%A5m-kh%C3%A1ng-b%E1%BB%A5i-t%E1%BB%91t-GAG15-i.201774917.15291609639?extraParams=%7B%22display_model_id%22%3A107727553753%2C%22model_selection_logic%22%3A3%7D,324.000đ
Áo khoác gió nam ZETIS UltraLight siêu nhẹ cản gió chống thấm nước vượt trội ZE001,Áo khoác,ZETIS,"{""Danh Mục"":""Áo khoác gió"",""Thương hiệu"":""ZETIS"",""Chất liệu"":""Vải dù siêu nhẹ"",""Xuất xứ"":""Việt Nam"",""Phong cách"":""Thể thao, Năng động"",""Mẫu"":""Trơn"",""Mùa"":""Mùa thu, Mùa đông"",""Tính năng"":""Siêu nhẹ, cản gió, trượt nước"",""Hoàn cảnh"":""Đi dạo, Thể thao ngoài trời, Đi xe máy"",""Chiều dài tay áo"":""Dài tay"",""Kiểu cổ áo"":""Cổ đứng"",""Kiểu áo khoác"":""Áo khoác dù"",""Kiểu nút"":""Khóa kéo""}",null,350.000 đ
Áo khoác gió nam ZETIS X-Treme cản gió lót lưới thoáng khí giữ ấm thu đông ZE002,Áo khoác,ZETIS,"{""Danh Mục"":""Áo khoác gió"",""Thương hiệu"":""ZETIS"",""Chất liệu"":""Vải gió lót lưới"",""Xuất xứ"":""Việt Nam"",""Phong cách"":""Casual, Hiện đại"",""Mẫu"":""Phối màu viền"",""Mùa"":""Thu Đông"",""Tính năng"":""Cản gió, giữ ấm, thoáng khí"",""Hoàn cảnh"":""Đi làm, Đi dã ngoại"",""Chiều dài tay áo"":""Dài tay"",""Kiểu cổ áo"":""Cổ bẻ"",""Kiểu áo khoác"":""Áo khoác gió 2 lớp"",""Kiểu nút"":""Khóa kéo""}",null,420.000 đ
Áo khoác gió nam ZETIS TechWear 2 lớp chống nhăn chống tia UV đa năng ZE003,Áo khoác,ZETIS,"{""Danh Mục"":""Áo khoác gió"",""Thương hiệu"":""ZETIS"",""Chất liệu"":""Polyester 100%"",""Xuất xứ"":""Việt Nam"",""Phong cách"":""Techwear, Đường phố"",""Mẫu"":""Nhiều túi"",""Mùa"":""Bốn mùa"",""Tính năng"":""Chống UV, chống nhăn, chống bụi"",""Hoàn cảnh"":""Đi phượt, Du lịch"",""Chiều dài tay áo"":""Dài tay"",""Kiểu cổ áo"":""Có mũ trùm đầu"",""Kiểu áo khoác"":""Áo khoác chống nắng"",""Kiểu nút"":""Khóa kéo chống nước""}",null,480.000 đ
Áo khoác gió nam ZETIS SportForm có mũ trượt nước tiện lợi chạy bộ thể thao ZE004,Áo khoác,ZETIS,"{""Danh Mục"":""Áo khoác gió"",""Thương hiệu"":""ZETIS"",""Chất liệu"":""Vải dù Microfiber"",""Xuất xứ"":""Việt Nam"",""Phong cách"":""Thể thao chuyên dụng"",""Mẫu"":""Logo phản quang"",""Mùa"":""Mùa hè, Mùa thu"",""Tính năng"":""Trượt nước, khô nhanh"",""Hoàn cảnh"":""Chạy bộ, Đạp xe"",""Chiều dài tay áo"":""Dài tay"",""Kiểu cổ áo"":""Có mũ (Hooded)"",""Kiểu áo khoác"":""Áo khoác thể thao"",""Kiểu nút"":""Khóa kéo""}",null,390.000 đ
Áo khoác gió nam ZETIS ProShield phản quang ban đêm an toàn chống bụi bẩn ZE005,Áo khoác,ZETIS,"{""Danh Mục"":""Áo khoác gió"",""Thương hiệu"":""ZETIS"",""Chất liệu"":""Nylon tráng màng PU"",""Xuất xứ"":""Việt Nam"",""Phong cách"":""Bảo hộ, An toàn"",""Mẫu"":""Trơn phối dải phản quang"",""Mùa"":""Bốn mùa"",""Tính năng"":""Phản quang ban đêm, cản bụi xuất sắc"",""Hoàn cảnh"":""Đi làm đêm, Phượt xe máy"",""Chiều dài tay áo"":""Dài tay"",""Kiểu cổ áo"":""Cổ cao"",""Kiểu áo khoác"":""Áo khoác phản quang"",""Kiểu nút"":""Khóa kéo và cúc bấm""}",null,450.000 đ
Áo khoác gió nam NOVAR AirBreeze mỏng nhẹ cản gió chống tia UV đi nắng NV101,Áo khoác,NOVAR,"{""Danh Mục"":""Áo khoác gió"",""Thương hiệu"":""NOVAR"",""Chất liệu"":""Vải dù lụa"",""Xuất xứ"":""Việt Nam"",""Phong cách"":""Tối giản, Tiện lợi"",""Mẫu"":""Trơn"",""Mùa"":""Mùa hè"",""Tính năng"":""Chống nắng (UPF 50+), mỏng nhẹ"",""Hoàn cảnh"":""Đi làm, Mặc khoác ngoài ban ngày"",""Chiều dài tay áo"":""Dài tay"",""Kiểu cổ áo"":""Có mũ tháo rời"",""Kiểu áo khoác"":""Áo khoác đi nắng"",""Kiểu nút"":""Khóa kéo nhựa""}",null,299.000 đ
Áo khoác gió nam NOVAR Thermal lót lông cừu giữ nhiệt cản gió chống rét NV102,Áo khoác,NOVAR,"{""Danh Mục"":""Áo khoác gió"",""Thương hiệu"":""NOVAR"",""Chất liệu"":""Vải dù cản gió lót lông cừu nhân tạo"",""Xuất xứ"":""Việt Nam"",""Phong cách"":""Thời trang mùa đông"",""Mẫu"":""Trần bông nhẹ"",""Mùa"":""Mùa đông"",""Tính năng"":""Giữ nhiệt siêu ấm, cản gió rét"",""Hoàn cảnh"":""Du lịch xứ lạnh, Đi đường xa"",""Chiều dài tay áo"":""Dài tay"",""Kiểu cổ áo"":""Cổ cao ôm sát"",""Kiểu áo khoác"":""Áo khoác lót lông"",""Kiểu nút"":""Khóa kéo kim loại""}",null,650.000 đ
Áo khoác gió nam NOVAR EcoTech trượt nước kháng khuẩn thân thiện môi trường NV103,Áo khoác,NOVAR,"{""Danh Mục"":""Áo khoác gió"",""Thương hiệu"":""NOVAR"",""Chất liệu"":""Sợi Polyester tái chế"",""Xuất xứ"":""Việt Nam"",""Phong cách"":""Hiện đại, Sinh thái"",""Mẫu"":""Vân nhám tự nhiên"",""Mùa"":""Mùa thu"",""Tính năng"":""Kháng khuẩn, trượt nước thân thiện môi trường"",""Hoàn cảnh"":""Đi dạo, Đi dã ngoại"",""Chiều dài tay áo"":""Dài tay"",""Kiểu cổ áo"":""Cổ bẻ"",""Kiểu áo khoác"":""Áo khoác sinh thái"",""Kiểu nút"":""Khóa kéo sinh học""}",null,520.000 đ
Áo khoác gió nam NOVAR CityRider phối màu trẻ trung cản bụi đi xe máy NV104,Áo khoác,NOVAR,"{""Danh Mục"":""Áo khoác gió"",""Thương hiệu"":""NOVAR"",""Chất liệu"":""Vải dù 2 lớp chống nhăn"",""Xuất xứ"":""Việt Nam"",""Phong cách"":""Streetstyle, Trẻ trung"",""Mẫu"":""Color Block (Khối màu)"",""Mùa"":""Thu Đông"",""Tính năng"":""Chống bám bụi, dễ vệ sinh"",""Hoàn cảnh"":""Đi cafe, Dạo phố, Đi xe máy"",""Chiều dài tay áo"":""Dài tay"",""Kiểu cổ áo"":""Cổ bomber"",""Kiểu áo khoác"":""Áo khoác Bomber gió"",""Kiểu nút"":""Khóa kéo""}",null,460.000 đ
Áo khoác gió nam NOVAR MaxDefend chống nước 100% lót nỉ ấm áp mùa đông NV105,Áo khoác,NOVAR,"{""Danh Mục"":""Áo khoác gió"",""Thương hiệu"":""NOVAR"",""Chất liệu"":""Vải dù Gore-Tex lót nỉ"",""Xuất xứ"":""Việt Nam"",""Phong cách"":""Mạnh mẽ, Sinh tồn"",""Mẫu"":""Rằn ri (Camo)"",""Mùa"":""Mùa đông"",""Tính năng"":""Chống nước tuyệt đối, giữ ấm sâu"",""Hoàn cảnh"":""Leo núi, Trekking, Mặc trời mưa rét"",""Chiều dài tay áo"":""Dài tay"",""Kiểu cổ áo"":""Có mũ liền"",""Kiểu áo khoác"":""Áo khoác chống nước"",""Kiểu nút"":""Khóa kéo bọc màng chống nước""}",null,790.000 đ
Áo khoác gió nam Routine 2 lớp cản gió chống nước nhẹ dáng suông basic dễ phối đồ mặc đi đường mùa thu đông,Áo khoác,Routine,"{""Danh Mục"":""Áo khoác gió"",""Thương hiệu"":""Routine"",""Chất liệu"":""Vải dù lót lưới"",""Xuất xứ"":""Việt Nam"",""Phong cách"":""Tối giản, Casual"",""Mẫu"":""Trơn"",""Mùa"":""Thu Đông"",""Tính năng"":""Cản gió, trượt nước nhẹ"",""Hoàn cảnh"":""Đi làm, Đi xe máy, Đi chơi"",""Chiều dài tay áo"":""Dài tay"",""Kiểu cổ áo"":""Có mũ trùm đầu"",""Kiểu áo khoác"":""Áo khoác gió 2 lớp"",""Kiểu nút"":""Khóa kéo""}",null,450.000 đ
Áo Khoác Gió Nam Routine Form Regular Vải Dù Trượt Nước Siêu Nhẹ Tiện Lợi RT-KG01,Áo khoác,Routine,"{""Danh Mục"":""Áo khoác gió"",""Thương hiệu"":""Routine"",""Chất liệu"":""Nylon siêu nhẹ"",""Xuất xứ"":""Việt Nam"",""Phong cách"":""Hiện đại, Năng động"",""Mẫu"":""Khối màu (Color Block)"",""Mùa"":""Mùa thu"",""Tính năng"":""Gọn nhẹ, dễ gấp gọn"",""Hoàn cảnh"":""Mặc hàng ngày, Đi phượt"",""Chiều dài tay áo"":""Dài tay"",""Kiểu cổ áo"":""Cổ cao đứng"",""Kiểu áo khoác"":""Áo khoác gió 1 lớp"",""Kiểu nút"":""Khóa kéo nhựa""}",null,390.000 đ
Áo Gió Routine Minimalist Windbreaker Jacket Basic Streetwear Cho Nam Nữ RT-W05,Áo khoác,Routine,"{""Danh Mục"":""Áo khoác gió"",""Thương hiệu"":""Routine"",""Chất liệu"":""Polyester"",""Xuất xứ"":""Việt Nam"",""Phong cách"":""Minimalist, Streetwear"",""Mẫu"":""Trơn thêu logo"",""Mùa"":""Bốn mùa"",""Tính năng"":""Cản gió, bền màu"",""Hoàn cảnh"":""Dạo phố, Đi học"",""Chiều dài tay áo"":""Dài tay"",""Kiểu cổ áo"":""Có mũ tháo rời"",""Kiểu áo khoác"":""Windbreaker"",""Kiểu nút"":""Khóa kéo YKK"",""Rất lớn"":""Có""}",null,420.000 đ
Áo khoác gió thể thao nam Adidas chạy bộ siêu nhẹ cản gió thoát mồ hôi tốt tập gym ngoài trời,Áo khoác,Adidas,"{""Danh Mục"":""Áo khoác gió"",""Thương hiệu"":""Adidas"",""Chất liệu"":""Vải gió dệt kim (Primegreen)"",""Xuất xứ"":""Việt Nam"",""Phong cách"":""Thể thao chuyên nghiệp"",""Mẫu"":""3 sọc đặc trưng dọc tay áo"",""Mùa"":""Bốn mùa"",""Tính năng"":""Siêu nhẹ, cản gió lùa, thoát nhiệt"",""Hoàn cảnh"":""Chạy bộ, Đạp xe, Tập luyện"",""Chiều dài tay áo"":""Dài tay"",""Kiểu cổ áo"":""Cổ trụ ôm sát"",""Kiểu áo khoác"":""Áo khoác thể thao chạy bộ"",""Kiểu nút"":""Khóa kéo""}",null,1.250.000 đ
Áo Khoác Gió Adidas Originals Adicolor Classics Windbreaker Thể Thao Đường Phố AD-W02,Áo khoác,Adidas,"{""Danh Mục"":""Áo khoác gió"",""Thương hiệu"":""Adidas"",""Chất liệu"":""Vải dù (Recycled Nylon)"",""Xuất xứ"":""Việt Nam"",""Phong cách"":""Streetstyle, Retro"",""Mẫu"":""Logo Trefoil lớn sau lưng"",""Mùa"":""Mùa thu, Mùa đông"",""Tính năng"":""Chống nước nhẹ, form đứng"",""Hoàn cảnh"":""Đi chơi, Dạo phố, Mặc khoác ngoài"",""Chiều dài tay áo"":""Dài tay"",""Kiểu cổ áo"":""Cổ bẻ"",""Kiểu áo khoác"":""Retro Windbreaker"",""Kiểu nút"":""Khóa kéo và cúc bấm kim loại""}",null,1.850.000 đ
Áo phao nam dày Ultrawarm Puffer có mũ II giữ ấm chắn gió Coolmate,Áo khoác,Coolmate,"{""Danh Mục"":""Áo khoác phao"",""Thương hiệu"":""Coolmate"",""Chất liệu"":""Vải dày, lót bông giữ nhiệt"",""Xuất xứ"":""Việt Nam"",""Phong cách"":""Năng động, Hiện đại"",""Mẫu"":""Trơn / Puffer"",""Mùa"":""Thu Đông"",""Tính năng"":""Siêu ấm (Ultrawarm), Chắn gió, Giữ nhiệt tốt"",""Hoàn cảnh"":""Hằng ngày, Du lịch, Đi ngoài trời lạnh"",""Chiều dài tay áo"":""Tay dài"",""Kiểu cổ áo"":""Có mũ trùm đầu"",""Kiểu nút"":""Khóa kéo (Zipper)"", ""Kiểu áo khoác"":""Áo khoác phao""}",https://shopee.vn/-X%E1%BA%A2-S%E1%BB%90C-%C3%81o-phao-nam-d%C3%A0y-Ultrawarm-Puffer-c%C3%B3-m%C5%A9-II-gi%E1%BB%AF-%E1%BA%A5m-ch%E1%BA%AFn-gi%C3%B3-%C3%81o-kho%C3%A1c-thu-%C4%91%C3%B4ng-si%C3%AAu-%E1%BA%A5m-Coolmate-i.24710134.47050887689?extraParams=%7B%22display_model_id%22%3A375077733323%2C%22model_selection_logic%22%3A3%7D&sp_atk=c3258d88-3ddb-4fa6-bb97-7793b230d380&xptdk=c3258d88-3ddb-4fa6-bb97-7793b230d380,424.000đ
Áo Khoác Phao Nam KRIK Form Regular Thiết Kế Cổ Bẻ AK5212,Áo khoác,KRIK,"{""Danh Mục"":""Áo khoác phao"",""Thương hiệu"":""KRIK"",""Chất liệu"":""Polyester"",""Xuất xứ"":""Việt Nam"",""Phong cách"":""Lịch sự, Hiện đại"",""Mẫu"":""Trơn"",""Mùa"":""Mùa đông"",""Tính năng"":""Giữ ấm tốt, Cản gió"",""Hoàn cảnh"":""Hằng ngày, Đi làm, Đi chơi"",""Chiều dài tay áo"":""Tay dài"",""Kiểu cổ áo"":""Cổ bẻ"",""Kiểu áo khoác"":""Áo khoác phao""}",https://shopee.vn/%C3%81o-Kho%C3%A1c-Phao-Nam-KRIK-Form-Regular-Ch%E1%BA%A5t-Li%E1%BB%87u-Polyester-Thi%E1%BA%BFt-K%E1%BA%BF-C%E1%BB%95-B%E1%BA%BB-Gi%E1%BB%AF-%E1%BA%A4m-T%E1%BB%91t-AK5212-i.200790122.56504038432?extraParams=%7B%7D,499.000 đ
Áo Khoác Phao BOO Unisex Chất Liệu Phao Bông Cao Cấp Dày Dặn,Áo khoác,BOO,"{""Danh Mục"":""Áo khoác phao"",""Thương hiệu"":""BOO"",""Chất liệu"":""Phao bông, 100% Polyester"",""Xuất xứ"":""Việt Nam"",""Phong cách"":""Đường phố, Trẻ trung"",""Mẫu"":""Trơn"",""Mùa"":""Mùa đông"",""Tính năng"":""Giữ ấm, Cản gió, Chắn nước, Khử khuẩn, Chống nấm mốc"",""Hoàn cảnh"":""Hằng ngày, Đi chơi, Du lịch"",""Chiều dài tay áo"":""Tay dài"",""Kiểu nút"":""Khóa kéo (Zipper)"",""Kiểu áo khoác"":""Áo khoác phao""}",https://shopee.vn/%C3%81o-Kho%C3%A1c-Phao-BOO-Unisex-Ch%E1%BA%A5t-Li%E1%BB%87u-Phao-B%C3%B4ng-Cao-C%E1%BA%A5p-D%C3%A0y-D%E1%BA%B7n-%E1%BA%A4m-%C3%81p-Kh%E1%BB%AD-Khu%E1%BA%A9n-Thi%E1%BA%BFt-K%E1%BA%BF-Tr%E1%BA%BB-Trung-i.17271526.26192630729?extraParams=%7B%22display_model_id%22%3A276873642117%2C%22model_selection_logic%22%3A3%7D,609.000 đ
Áo Khoác Gile Phao Nam KRIK Form Relax Cổ Trụ Chất Liệu Bền Bỉ AK5205,Áo khoác,KRIK,"{""Danh Mục"":""Áo khoác phao"",""Thương hiệu"":""KRIK"",""Chất liệu"":""Vải gió cao cấp, chần bông phao"",""Xuất xứ"":""Việt Nam"",""Phong cách"":""Hiện đại, Năng động, Streetwear"",""Mẫu"":""Trơn / Khóa ẩn"",""Mùa"":""Thu Đông"",""Tính năng"":""Giữ ấm, Kháng nước nhẹ, Form Relax thoải mái, Cổ trụ che gió"",""Hoàn cảnh"":""Hằng ngày, Đi chơi, Hoạt động ngoài trời, Phối Layer"",""Chiều dài tay áo"":""Sát nách (Gile)"",""Kiểu cổ áo"":""Cổ trụ (Stand Collar)"",""Kiểu nút"":""Khóa kéo ẩn"",""Kiểu áo khoác"":""Áo khoác phao gile""}",https://shopee.vn/krik.vn,740.000đ
Áo khoác phao đại hàn PREMIUM PUFFER JACKET TORANO 3 lớp lót bông cổ cao FWCF005,Áo khoác,TORANO,"{""Danh Mục"":""Áo khoác phao"",""Thương hiệu"":""TORANO"",""Chất liệu"":""3 lớp lót bông, lớp ngoài chống nước nhẹ"",""Xuất xứ"":""Việt Nam"",""Phong cách"":""Nam tính, Hiện đại, Năng động"",""Mẫu"":""Trơn / Puffer Jacket"",""Mùa"":""Thu Đông"",""Tính năng"":""Giữ ấm đại hàn cực tốt, Chống nước, Giữ nhiệt, Cổ cao che gió"",""Hoàn cảnh"":""Du lịch mùa đông, Đi ngoài trời lạnh, Hằng ngày"",""Chiều dài tay áo"":""Tay dài"",""Kiểu cổ áo"":""Cổ cao (Stand Collar)"",""Kiểu nút"":""Khóa kéo (Zipper)"",""Kiểu áo khoác"":""Áo khoác phao""}",https://shopee.vn/%C3%81o-kho%C3%A1c-phao-%C4%91%E1%BA%A1i-h%C3%A0n-PREMIUM-PUFFER-JACKET-TORANO-3-l%E1%BB%9Bp-l%C3%B3t-b%C3%B4ng-c%E1%BB%95-cao-Gi%E1%BB%AF-%E1%BA%A4m-C%E1%BB%B1c-T%E1%BB%91t-Gi%E1%BB%AF-Nhi%E1%BB%87t-Ch%E1%BB%91ng-N%C6%B0%E1%BB%9Bc-FWCF005-i.835435.49304052919?extraParams=%7B%22display_model_id%22%3A330382879004%2C%22model_selection_logic%22%3A3%7D&sp_atk=d5a69c9d-766b-4ad8-97b5-f562a807900d&xptdk=d5a69c9d-766b-4ad8-97b5-f562a807900d,499.000đ
Áo khoác phao nam CANIFA chần bông Ultra Air siêu nhẹ siêu ấm PS25 8OT25W027,Áo khoác,CANIFA,"{""Danh Mục"":""Áo khoác phao"",""Thương hiệu"":""CANIFA"",""Chất liệu"":""Chần bông Ultra Air"",""Xuất xứ"":""Việt Nam"",""Phong cách"":""Basic, Trẻ trung, Năng động"",""Mẫu"":""Trơn / Chần bông ngang"",""Mùa"":""Thu Đông"",""Tính năng"":""Siêu nhẹ (Ultra-light), Siêu ấm, Cản gió, Khóa kéo cao cổ"",""Hoàn cảnh"":""Đi làm, Đi học, Đi đường, Du lịch mùa đông"",""Chiều dài tay áo"":""Tay dài"",""Kiểu cổ áo"":""Cổ đứng"",""Kiểu khóa"":""Khóa kéo (Zipper)""}",https://shopee.vn/%C3%81o-kho%C3%A1c-phao-nam-CANIFA-ch%E1%BA%A7n-b%C3%B4ng-Ultra-Air-si%C3%AAu-nh%E1%BA%B9-si%C3%AAu-%E1%BA%A5m-PS25-8OT25W027-i.70681764.19085741878?extraParams=%7B%22display_model_id%22%3A276848458099%2C%22model_selection_logic%22%3A3%7D&sp_atk=291f8ad8-b3bd-44a5-90ae-a10f2c65ccb4&xptdk=291f8ad8-b3bd-44a5-90ae-a10f2c65ccb4,849.000đ
Áo khoác phao nam LAROMA siêu nhẹ lót bông xốp giữ ấm chống nước cản gió mùa đông đại hàn,Áo khoác,LAROMA,"{""Danh Mục"":""Áo khoác phao"",""Thương hiệu"":""LAROMA"",""Chất liệu"":""Vải dù lót bông xốp"",""Xuất xứ"":""Việt Nam"",""Phong cách"":""Cơ bản, Ấm áp"",""Mẫu"":""Trần bông ngang"",""Mùa"":""Mùa đông"",""Tính năng"":""Siêu nhẹ, giữ ấm, cản gió"",""Hoàn cảnh"":""Đi đường, Mặc ngoài trời rét"",""Chiều dài tay áo"":""Dài tay"",""Kiểu cổ áo"":""Có mũ trùm đầu"",""Kiểu áo khoác"":""Áo phao"",""Kiểu nút"":""Khóa kéo""}",null,550.000 đ
Áo Khoác Phao Nam LAROMA Trần Bông Mũ Trùm Tháo Rời Trượt Nước Tiện Lợi LR-AP01,Áo khoác,LAROMA,"{""Danh Mục"":""Áo khoác phao"",""Thương hiệu"":""LAROMA"",""Chất liệu"":""Polyester trượt nước"",""Xuất xứ"":""Việt Nam"",""Phong cách"":""Tiện lợi, Trẻ trung"",""Mẫu"":""Trần trám"",""Mùa"":""Mùa đông"",""Tính năng"":""Chống nước nhẹ, tháo rời mũ"",""Hoàn cảnh"":""Đi làm, Đi học"",""Chiều dài tay áo"":""Dài tay"",""Kiểu cổ áo"":""Có mũ tháo rời"",""Kiểu áo khoác"":""Áo khoác phao"",""Kiểu nút"":""Khóa kéo và cúc bấm""}",null,620.000 đ
Áo Phao BOO Oversized Puffer Jacket Bóng Bẩy Streetwear Cực Chất Form Rộng Unisex B-PF01,Áo khoác,BOO,"{""Danh Mục"":""Áo khoác phao"",""Thương hiệu"":""BOO"",""Chất liệu"":""Vải phao tráng gương bóng"",""Xuất xứ"":""Việt Nam"",""Phong cách"":""Streetwear, Y2K"",""Mẫu"":""Trơn bóng"",""Mùa"":""Mùa đông"",""Tính năng"":""Cá tính, chắn gió tốt"",""Hoàn cảnh"":""Dạo phố, Chụp ảnh OOTD"",""Chiều dài tay áo"":""Dài tay"",""Kiểu cổ áo"":""Cổ cao"",""Kiểu áo khoác"":""Puffer Jacket"",""Kiểu nút"":""Khóa kéo bản to""}",null,890.000 đ
Áo khoác phao nam BOO dáng ngắn màu đen cá tính phong cách đường phố bụi bặm mùa đông,Áo khoác,BOO,"{""Danh Mục"":""Áo khoác phao"",""Thương hiệu"":""BOO"",""Chất liệu"":""Nylon nhám lót bông siêu nhẹ"",""Xuất xứ"":""Việt Nam"",""Phong cách"":""Bụi bặm, Đường phố"",""Mẫu"":""Cropped (Dáng ngắn)"",""Mùa"":""Mùa đông"",""Tính năng"":""Hack dáng, cản gió"",""Hoàn cảnh"":""Đi chơi, Lên đồ tiệc tùng"",""Chiều dài tay áo"":""Dài tay"",""Kiểu cổ áo"":""Cổ đứng"",""Kiểu áo khoác"":""Áo phao dáng ngắn"",""Kiểu nút"":""Cúc bấm""}",null,850.000 đ
Áo Khoác Phao Lông Vũ TOKYOLIFE Siêu Nhẹ Kháng Khuẩn Giữ Nhiệt Tối Đa Mùa Đông TL-LV99,Áo khoác,TOKYOLIFE,"{""Danh Mục"":""Áo khoác phao"",""Thương hiệu"":""TOKYOLIFE"",""Chất liệu"":""Nylon siêu nhẹ lót lông vũ tự nhiên"",""Xuất xứ"":""Việt Nam"",""Phong cách"":""Nhật Bản, Tối giản"",""Mẫu"":""Trần bông múi nhỏ"",""Mùa"":""Mùa đông"",""Tính năng"":""Siêu nhẹ, ấm gấp 3 lần, dễ gấp gọn"",""Hoàn cảnh"":""Du lịch xứ lạnh, Đi làm đại hàn"",""Chiều dài tay áo"":""Dài tay"",""Kiểu cổ áo"":""Cổ tròn"",""Kiểu áo khoác"":""Áo phao lông vũ"",""Kiểu nút"":""Khóa kéo""}",null,790.000 đ
Áo khoác phao nam TOKYOLIFE lót nhung cổ trụ cản gió rét mướt dáng ôm thanh lịch công sở,Áo khoác,TOKYOLIFE,"{""Danh Mục"":""Áo khoác phao"",""Thương hiệu"":""TOKYOLIFE"",""Chất liệu"":""Vải gió lót nhung và bông"",""Xuất xứ"":""Việt Nam"",""Phong cách"":""Công sở, Lịch sự"",""Mẫu"":""Trơn"",""Mùa"":""Mùa đông"",""Tính năng"":""Giữ ấm kép, cản gió lùa"",""Hoàn cảnh"":""Đi làm ngày đại hàn"",""Chiều dài tay áo"":""Dài tay"",""Kiểu cổ áo"":""Cổ trụ"",""Kiểu áo khoác"":""Áo phao lót nhung"",""Kiểu nút"":""Khóa kéo giấu trong nẹp""}",null,750.000 đ
Áo Phao Nam TOKYOLIFE WarmMax Puffer Coat Chống Nước Dáng Dài Có Mũ Lông Thời Trang TL-PF03,Áo khoác,TOKYOLIFE,"{""Danh Mục"":""Áo khoác phao"",""Thương hiệu"":""TOKYOLIFE"",""Chất liệu"":""Polyester 100% kháng nước"",""Xuất xứ"":""Việt Nam"",""Phong cách"":""Thời thượng, Giữ ấm"",""Mẫu"":""Trần múi to"",""Mùa"":""Mùa đông"",""Tính năng"":""Chống nước mưa phùn, cản rét đậm"",""Hoàn cảnh"":""Mặc khoác ngoài, Đi xe máy"",""Chiều dài tay áo"":""Dài tay"",""Kiểu cổ áo"":""Có mũ viền lông"",""Kiểu áo khoác"":""Áo phao dáng dài"",""Kiểu nút"":""Khóa kéo 2 chiều""}",null,715.000 đ
Áo khoác phao nam Coolmate Daily Wear lót bông Sorona sinh học thân thiện môi trường giữ ấm cực đỉnh,Áo khoác,Coolmate,"{""Danh Mục"":""Áo khoác phao"",""Thương hiệu"":""Coolmate"",""Chất liệu"":""Bông sinh học Sorona"",""Xuất xứ"":""Việt Nam"",""Phong cách"":""Thường ngày, Năng động"",""Mẫu"":""Trần bông quả trám"",""Mùa"":""Mùa đông"",""Tính năng"":""Thân thiện môi trường, giữ nhiệt tốt"",""Hoàn cảnh"":""Mặc hàng ngày, Đi cafe"",""Chiều dài tay áo"":""Dài tay"",""Kiểu cổ áo"":""Cổ bẻ bomber"",""Kiểu áo khoác"":""Áo khoác phao lót bông"",""Kiểu nút"":""Khóa gài kim loại""}",null,699.000 đ
Áo Khoác Phao Nam Coolmate Chống Nước Trượt Gió Có Mũ Trùm Gọn Nhẹ Thể Thao CM-AP05,Áo khoác,Coolmate,"{""Danh Mục"":""Áo khoác phao"",""Thương hiệu"":""Coolmate"",""Chất liệu"":""Vải dù trượt nước lót bông micro"",""Xuất xứ"":""Việt Nam"",""Phong cách"":""Thể thao, Tiện ích"",""Mẫu"":""Trơn cơ bản"",""Mùa"":""Mùa đông"",""Tính năng"":""Trượt nước, cản gió 100%"",""Hoàn cảnh"":""Chạy bộ mùa đông, Đi phượt"",""Chiều dài tay áo"":""Dài tay"",""Kiểu cổ áo"":""Có mũ trùm"",""Kiểu áo khoác"":""Áo phao thể thao"",""Kiểu nút"":""Khóa kéo chống nước ép keo""}",null,750.000 đ
Áo Phao Coolmate Essential Puffer Jacket Minimalist Design Mặc Hàng Ngày Tiện Lợi CM-AP06,Áo khoác,Coolmate,"{""Danh Mục"":""Áo khoác phao"",""Thương hiệu"":""Coolmate"",""Chất liệu"":""Polyester tái chế lót bông"",""Xuất xứ"":""Việt Nam"",""Phong cách"":""Minimalist, Hiện đại"",""Mẫu"":""Trần múi ngang cơ bản"",""Mùa"":""Mùa đông"",""Tính năng"":""Nhẹ nhàng, dễ phối layer"",""Hoàn cảnh"":""Đi làm, Đi chơi dạo phố"",""Chiều dài tay áo"":""Dài tay"",""Kiểu cổ áo"":""Cổ cao"",""Kiểu áo khoác"":""Puffer Jacket"",""Kiểu nút"":""Khóa kéo YKK"",""Rất lớn"":""Có""}",null,650.000 đ
Áo Khoác Phao Teelab Oversized Puffer Jacket Form Rộng Dễ Thương Unisex TL-AP01,Áo khoác,Teelab,"{""Danh Mục"":""Áo khoác phao"",""Thương hiệu"":""Teelab"",""Chất liệu"":""Vải phao lót bông"",""Xuất xứ"":""Việt Nam"",""Phong cách"":""Streetwear, Unisex"",""Mẫu"":""Trơn in logo"",""Mùa"":""Mùa đông"",""Tính năng"":""Giữ ấm, siêu nhẹ"",""Hoàn cảnh"":""Dạo phố, Đi chơi"",""Chiều dài tay áo"":""Dài tay"",""Kiểu cổ áo"":""Cổ cao"",""Kiểu áo khoác"":""Puffer Jacket"",""Kiểu nút"":""Khóa kéo""}",null,550.000 đ
Áo khoác phao nam nữ Teelab chần bông múi to dáng ngắn trẻ trung phong cách Hàn Quốc mặc mùa đông đại hàn,Áo khoác,Teelab,"{""Danh Mục"":""Áo khoác phao"",""Thương hiệu"":""Teelab"",""Chất liệu"":""Polyester chần bông"",""Xuất xứ"":""Việt Nam"",""Phong cách"":""Hàn Quốc, Trẻ trung"",""Mẫu"":""Chần bông ngang"",""Mùa"":""Mùa đông"",""Tính năng"":""Giữ ấm cực tốt, cản gió"",""Hoàn cảnh"":""Đi học, Đi dạo"",""Chiều dài tay áo"":""Dài tay"",""Kiểu cổ áo"":""Có mũ trùm đầu"",""Kiểu áo khoác"":""Áo phao dáng ngắn"",""Kiểu nút"":""Khóa kéo và cúc bấm""}",null,650.000 đ
Áo Khoác Phao Nam TORANO Lót Lông Giữ Nhiệt Cao Cấp Siêu Nhẹ TRN-P05,Áo khoác,TORANO,"{""Danh Mục"":""Áo khoác phao"",""Thương hiệu"":""TORANO"",""Chất liệu"":""Vải gió lót lông cừu"",""Xuất xứ"":""Việt Nam"",""Phong cách"":""Lịch lãm, Nam tính"",""Mẫu"":""Trơn"",""Mùa"":""Mùa đông"",""Tính năng"":""Chống rét đậm, giữ nhiệt"",""Hoàn cảnh"":""Đi làm, Gặp gỡ đối tác"",""Chiều dài tay áo"":""Dài tay"",""Kiểu cổ áo"":""Cổ trụ"",""Kiểu áo khoác"":""Áo phao"",""Kiểu nút"":""Khóa kéo""}",null,850.000 đ
Áo khoác phao nam TORANO dáng suông chống nước nhẹ cản gió tuyệt đối thiết kế túi khóa zip an toàn,Áo khoác,TORANO,"{""Danh Mục"":""Áo khoác phao"",""Thương hiệu"":""TORANO"",""Chất liệu"":""Vải dù trượt nước"",""Xuất xứ"":""Việt Nam"",""Phong cách"":""Hiện đại, Tiện lợi"",""Mẫu"":""Trần trám tinh tế"",""Mùa"":""Mùa đông"",""Tính năng"":""Cản gió, trượt nước nhẹ"",""Hoàn cảnh"":""Đi xe máy, Đi làm"",""Chiều dài tay áo"":""Dài tay"",""Kiểu cổ áo"":""Có mũ tháo rời"",""Kiểu áo khoác"":""Áo khoác phao"",""Kiểu nút"":""Khóa kéo chống nước""}",null,790.000 đ
Áo Polo Len Nam KRIK Form Fitted Chất Liệu Pha Sợi Thiết Kế Cổ Khóa Kéo PL2238,"Áo Hoodie, Áo Len & Áo Nỉ",KRIK,"{""Danh Mục"":""Áo len"",""Thương hiệu"":""KRIK"",""Chất liệu"":""Sợi len pha cao cấp"",""Xuất xứ"":""Việt Nam"",""Phong cách"":""Thanh lịch, Hiện đại, Công sở"",""Mẫu"":""Trơn / Dệt kim"",""Mùa"":""Thu Đông"",""Tính năng"":""Cổ khóa kéo (Zip-up), Giữ ấm, Form Fitted tôn dáng"",""Hoàn cảnh"":""Đi làm, Dự tiệc, Hẹn hò, Sự kiện"",""Chiều dài tay áo"":""Tay dài"",""Kiểu cổ áo"":""Cổ Polo khóa kéo""}",https://shopee.vn/%C3%81o-Polo-Len-Nam-KRIK-Form-Fitted-Ch%E1%BA%A5t-Li%E1%BB%87u-Pha-S%E1%BB%A3i-Thi%E1%BA%BFt-K%E1%BA%BF-C%E1%BB%95-Kh%C3%B3a-K%C3%A9o-Hi%E1%BB%87n-%C4%90%E1%BA%A1i-Thanh-L%E1%BB%8Bch-PL2238-i.200790122.43020229097?extraParams=%7B%22display_model_id%22%3A301652087825%2C%22model_selection_logic%22%3A3%7D,450.000đ
Áo Len Nam KRIK Form Regular Chất Len Mềm Mại Thiết Kế Henley Cúc Gỗ AL3597,"Áo Hoodie, Áo Len & Áo Nỉ",KRIK,"{""Danh Mục"":""Áo len"",""Thương hiệu"":""KRIK"",""Chất liệu"":""Sợi len mềm mại"",""Xuất xứ"":""Việt Nam"",""Phong cách"":""Vintage, Thanh lịch, Nhẹ nhàng"",""Mẫu"":""Trơn / Dệt kim"",""Mùa"":""Thu Đông"",""Tính năng"":""Cổ Henley (hàng cúc trước), Cúc gỗ tạo điểm nhấn, Form Regular"",""Hoàn cảnh"":""Hằng ngày, Hẹn hò, Dạo phố, Đi làm"",""Chiều dài tay áo"":""Tay dài"",""Kiểu cổ áo"":""Cổ Henley"",""Kiểu nút"":""Cúc gỗ""}",https://shopee.vn/%C3%81o-Len-Nam-KRIK-Form-Regular-Ch%E1%BA%A5t-Len-M%E1%BB%81m-M%E1%BA%A1i-Thi%E1%BA%BFt-K%E1%BA%BF-Henley-C%C3%BAc-G%E1%BB%97-T%E1%BA%A1o-%C4%90i%E1%BB%83m-Nh%E1%BA%A5n-AL3597-i.200790122.54252848699?extraParams=%7B%22display_model_id%22%3A420275322102%2C%22model_selection_logic%22%3A3%7D,439.000đ
Áo len nam ROWAY Premium Len dài khóa kéo thanh lịch,"Áo Hoodie, Áo Len & Áo Nỉ",ROWAY,"{""Danh Mục"":""Áo len"",""Thương hiệu"":""ROWAY"",""Chất liệu"":""Len Premium cao cấp"",""Xuất xứ"":""Việt Nam"",""Phong cách"":""Lịch lãm, Sang trọng, Hàn Quốc"",""Mẫu"":""Trơn / Dệt kim mịn"",""Mùa"":""Thu Đông"",""Tính năng"":""Khóa kéo cổ, Giữ ấm tốt, Không xù lông, Đứng form"",""Hoàn cảnh"":""Đi làm, Công sở, Dự tiệc, Hẹn hò"",""Chiều dài tay áo"":""Tay dài"",""Kiểu cổ áo"":""Cổ cao khóa kéo (Moch Neck Zip)"",""Kiểu nút"":""Khóa kéo (Zipper)""}",https://shopee.vn/%C3%81o-len-nam-ROWAY-Premium-Len-d%C3%A0i-kh%C3%B3a-i.358123846.22557373779?extraParams=%7B%22display_model_id%22%3A184641248342%2C%22model_selection_logic%22%3A3%7D,385.000đ
Áo Len Ghile Nam SUKIYA Chất Len Lông Cừu Mềm Mịn Hàng Cao Cấp AL31,"Áo Hoodie, Áo Len & Áo Nỉ",SUKIYA,"{""Danh Mục"":""Áo len"",""Thương hiệu"":""SUKIYA"",""Chất liệu"":""Len lông cừu mềm mịn"",""Xuất xứ"":""Việt Nam"",""Phong cách"":""Hàn Quốc, Thanh lịch, Trẻ trung"",""Mẫu"":""Trơn / Dệt kim"",""Mùa"":""Thu Đông"",""Tính năng"":""Giữ ấm, Không xù lông, Dễ phối layer"",""Hoàn cảnh"":""Đi học, Đi làm, Hằng ngày, Dạo phố"",""Chiều dài tay áo"":""Sát nách (Gile)"",""Kiểu cổ áo"":""Cổ tim (V-neck)""}",https://shopee.vn/%C3%81o-Len-Ghile-Nam-SUKIYA-Ch%E1%BA%A5t-Len-L%C3%B4ng-C%E1%BB%ABu-M%E1%BB%81m-M%E1%BB%8Bn-H%C3%A0ng-Cao-C%E1%BA%A5p-AL31-i.38038824.11859033515?extraParams=%7B%22display_model_id%22%3A47520323547%2C%22model_selection_logic%22%3A3%7D,236.500đ
Áo Len Nam Cổ Tròn SUKIYA Hàng Hiệu Chất Dày Dặn Form Hàn Quốc Đẹp AL10,"Áo Hoodie, Áo Len & Áo Nỉ",SUKIYA,"{""Danh Mục"":""Áo len"",""Thương hiệu"":""SUKIYA"",""Chất liệu"":""Len mềm dày dặn"",""Xuất xứ"":""Việt Nam"",""Phong cách"":""Hàn Quốc, Trẻ trung, Năng động"",""Mẫu"":""Trơn / Dệt kim"",""Mùa"":""Thu Đông"",""Tính năng"":""Giữ ấm tốt, Chất len dày dặn, Không xù lông"",""Hoàn cảnh"":""Đi học, Đi làm, Hằng ngày, Dạo phố"",""Chiều dài tay áo"":""Tay dài"",""Kiểu cổ áo"":""Cổ tròn""}",https://shopee.vn/%C3%81o-Len-Nam-C%E1%BB%95-Tr%C3%B2n-SUKIYA-H%C3%A0ng-Hi%E1%BB%87u-Ch%E1%BA%A5t-d%C3%A0y-d%E1%BA%B7n-Fom-H%C3%A0n-Qu%E1%BB%91c-%C4%91%E1%BA%B9p-AL10-i.38038824.2710937663?extraParams=%7B%22display_model_id%22%3A6432844229%2C%22model_selection_logic%22%3A3%7D,230.000đ
Áo Len Nam Cổ Lọ SUKIYA Chất Len Dày Dặn kiểu dáng Hàn Quốc AL52,"Áo Hoodie, Áo Len & Áo Nỉ",SUKIYA,"{""Danh Mục"":""Áo len"",""Thương hiệu"":""SUKIYA"",""Chất liệu"":""Len dày dặn"",""Xuất xứ"":""Việt Nam"",""Phong cách"":""Hàn Quốc, Thanh lịch, Cổ điển"",""Mẫu"":""Trơn / Dệt kim"",""Mùa"":""Thu Đông"",""Tính năng"":""Cổ lọ giữ ấm tốt, Chất len dày dặn, Không xù lông"",""Hoàn cảnh"":""Đi học, Đi làm, Hằng ngày, Mùa đông lạnh"",""Chiều dài tay áo"":""Tay dài"",""Kiểu cổ áo"":""Cổ lọ (Turtleneck)""}",https://shopee.vn/%C3%81o-Len-Nam-C%E1%BB%95-L%E1%BB%8D-SUKIYA-Ch%E1%BA%A5t-Len-D%C3%A0y-D%E1%BA%B7n-ki%E1%BB%83u-d%C3%A1ng-H%C3%A0n-Qu%E1%BB%91c-AL52-i.38038824.23501790625?extraParams=%7B%22display_model_id%22%3A128050620698%2C%22model_selection_logic%22%3A3%7D,199.000đ
Áo len nam cổ tròn dệt kim kẻ sọc phong cách Hàn Quốc giữ ấm mùa đông vải mềm mịn không gây ngứa,"Áo Hoodie, Áo Len & Áo Nỉ",HEYMAN,"{""Danh Mục"":""Áo len"",""Thương hiệu"":""HEYMAN"",""Chất liệu"":""Len dệt kim"",""Xuất xứ"":""Việt Nam"",""Phong cách"":""Hàn Quốc, Trẻ trung"",""Mẫu"":""Kẻ sọc"",""Mùa"":""Mùa đông"",""Tính năng"":""Giữ ấm, mềm mại, không kích ứng da"",""Hoàn cảnh"":""Đi học, Đi dạo phố"",""Chiều dài tay áo"":""Dài tay"",""Kiểu cổ áo"":""Cổ tròn""}",null,320.000 đ
Áo Len Nam HEYMAN Cao Cấp Cổ Lọ Vải Len Cashmere Giữ Nhiệt Tốt Form Dáng Thanh Lịch HM-L05,"Áo Hoodie, Áo Len & Áo Nỉ",HEYMAN,"{""Danh Mục"":""Áo len"",""Thương hiệu"":""HEYMAN"",""Chất liệu"":""Len Cashmere pha"",""Xuất xứ"":""Việt Nam"",""Phong cách"":""Thanh lịch, Cổ điển"",""Mẫu"":""Trơn"",""Mùa"":""Mùa đông"",""Tính năng"":""Giữ nhiệt sâu, siêu mềm"",""Hoàn cảnh"":""Đi làm, Dự tiệc"",""Chiều dài tay áo"":""Dài tay"",""Kiểu cổ áo"":""Cổ lọ""}",null,450.000 đ
Áo Len Cardigan ZUNE.ZX Darkwear Aesthetic Oversized Knitwear Local Brand Phá Cách ZX-L01,"Áo Hoodie, Áo Len & Áo Nỉ",ZUNE.ZX,"{""Danh Mục"":""Áo len"",""Thương hiệu"":""ZUNE.ZX"",""Chất liệu"":""Len Acrylic dày"",""Xuất xứ"":""Việt Nam"",""Phong cách"":""Darkwear, Gothic"",""Mẫu"":""Oversized / Phá cách"",""Mùa"":""Thu Đông"",""Tính năng"":""Dày dặn, giữ form đứng"",""Hoàn cảnh"":""Chụp ảnh OOTD, Sự kiện thời trang"",""Chiều dài tay áo"":""Dài tay"",""Kiểu nút"":""Cúc cài bản lớn""}",null,580.000 đ
Áo len nam ZUNE.ZX form rộng rách gấu phong cách streetwear bụi bặm vải len thô dày dặn cá tính,"Áo Hoodie, Áo Len & Áo Nỉ",ZUNE.ZX,"{""Danh Mục"":""Áo len"",""Thương hiệu"":""ZUNE.ZX"",""Chất liệu"":""Len thô"",""Xuất xứ"":""Việt Nam"",""Phong cách"":""Streetwear, Bụi bặm"",""Mẫu"":""Rách gấu (Distressed)"",""Mùa"":""Thu Đông"",""Tính năng"":""Phong cách độc bản, thoáng khí"",""Hoàn cảnh"":""Đi quẩy, Dạo phố"",""Chiều dài tay áo"":""Dài tay"",""Kiểu cổ áo"":""Cổ tròn""}",null,490.000 đ
Áo Len Nam DIRTYCOINS Họa Tiết Monogram Dệt Jacquard Thời Trang Đường Phố Nổi Bật DC-L09,"Áo Hoodie, Áo Len & Áo Nỉ",DIRTYCOINS,"{""Danh Mục"":""Áo len"",""Thương hiệu"":""DIRTYCOINS"",""Chất liệu"":""Len sợi tổng hợp"",""Xuất xứ"":""Việt Nam"",""Phong cách"":""Hiện đại, Trendy"",""Mẫu"":""Monogram dệt chìm"",""Mùa"":""Thu Đông"",""Tính năng"":""Họa tiết sắc nét, không phai"",""Hoàn cảnh"":""Đi chơi, Cafe cùng bạn bè"",""Chiều dài tay áo"":""Dài tay"",""Kiểu cổ áo"":""Cổ tròn""}",null,420.000 đ
Áo Len Sweater DIRTYCOINS Y2K Signature Knit Pullover Unisex Form Suông Dễ Phối Đồ DC-L10,"Áo Hoodie, Áo Len & Áo Nỉ",DIRTYCOINS,"{""Danh Mục"":""Áo len"",""Thương hiệu"":""DIRTYCOINS"",""Chất liệu"":""Len Cotton"",""Xuất xứ"":""Việt Nam"",""Phong cách"":""Y2K, Unisex"",""Mẫu"":""In logo đặc trưng"",""Mùa"":""Bốn mùa"",""Tính năng"":""Mềm mại, thấm hút tốt"",""Hoàn cảnh"":""Hẹn hò, Đi học"",""Chiều dài tay áo"":""Dài tay"",""Kiểu cổ áo"":""Cổ tròn""}",null,390.000 đ
Áo len nam cardigan Teelab cổ tim phối màu họa tiết trám classic form rộng mặc đôi cực đẹp,"Áo Hoodie, Áo Len & Áo Nỉ",Teelab,"{""Danh Mục"":""Áo len"",""Thương hiệu"":""Teelab"",""Chất liệu"":""Len tăm dày"",""Xuất xứ"":""Việt Nam"",""Phong cách"":""Vintage, Học đường"",""Mẫu"":""Họa tiết trám (Argyle)"",""Mùa"":""Thu Đông"",""Tính năng"":""Co giãn tốt, giữ nhiệt nhẹ"",""Hoàn cảnh"":""Đi dã ngoại, Chụp ảnh couple"",""Chiều dài tay áo"":""Dài tay"",""Kiểu cổ áo"":""Cổ tim (Cổ chữ V)"",""Kiểu nút"":""Cúc cài nhựa""}",null,350.000 đ
Áo Len Teelab Graphic Knit Sweater In Hình Họa Tiết Ngộ Nghĩnh Form Rộng Năng Động SS102,"Áo Hoodie, Áo Len & Áo Nỉ",Teelab,"{""Danh Mục"":""Áo len"",""Thương hiệu"":""Teelab"",""Chất liệu"":""Len sợi mềm"",""Xuất xứ"":""Việt Nam"",""Phong cách"":""Trẻ trung, Dễ thương"",""Mẫu"":""In hình graphic"",""Mùa"":""Thu Đông"",""Tính năng"":""Thân thiện với da, không nhăn"",""Hoàn cảnh"":""Mặc hàng ngày, Đi chơi"",""Chiều dài tay áo"":""Dài tay"",""Kiểu cổ áo"":""Cổ tròn""}",null,310.000 đ
Áo Len Polo Nam POLOMANOR Cổ Bẻ Dệt Kim Vải Mềm Mịn Thanh Lịch Smart Casual PM-L08,"Áo Hoodie, Áo Len & Áo Nỉ",POLOMANOR,"{""Danh Mục"":""Áo len"",""Thương hiệu"":""POLOMANOR"",""Chất liệu"":""Len tăm nhỏ cao cấp"",""Xuất xứ"":""Việt Nam"",""Phong cách"":""Smart Casual, Thanh lịch"",""Mẫu"":""Trơn dệt kim"",""Mùa"":""Thu Đông"",""Tính năng"":""Mềm mịn, đứng form, sang trọng"",""Hoàn cảnh"":""Đi làm, Gặp đối tác"",""Chiều dài tay áo"":""Dài tay"",""Kiểu cổ áo"":""Cổ bẻ""}",null,480.000 đ
Áo len gile nam POLOMANOR sát nách phối sơ mi phong cách vintage vải dày dặn giữ form cực tốt,"Áo Hoodie, Áo Len & Áo Nỉ",POLOMANOR,"{""Danh Mục"":""Áo len"",""Thương hiệu"":""POLOMANOR"",""Chất liệu"":""Len sợi dày"",""Xuất xứ"":""Việt Nam"",""Phong cách"":""Học đường (Preppy), Cổ điển"",""Mẫu"":""Gile sát nách"",""Mùa"":""Thu Đông"",""Tính năng"":""Dày dặn, giữ form, dễ phối layer"",""Hoàn cảnh"":""Đi học, Đi làm, Cafe"",""Chiều dài tay áo"":""Sát nách"",""Kiểu cổ áo"":""Cổ tim""}",null,360.000 đ
Áo len nam OWEN cổ lọ lót lông cừu giữ ấm mùa đông dáng ôm slimfit thanh lịch đi làm công sở,"Áo Hoodie, Áo Len & Áo Nỉ",OWEN,"{""Danh Mục"":""Áo len"",""Thương hiệu"":""OWEN"",""Chất liệu"":""Len pha lót lông cừu"",""Xuất xứ"":""Việt Nam"",""Phong cách"":""Công sở, Thanh lịch"",""Mẫu"":""Trơn"",""Mùa"":""Mùa đông"",""Tính năng"":""Giữ ấm cực tốt, đứng nếp"",""Hoàn cảnh"":""Đi làm, Mặc hàng ngày"",""Chiều dài tay áo"":""Dài tay"",""Kiểu cổ áo"":""Cổ lọ""}",null,550.000 đ
Áo Len Nam OWEN Dệt Kim Cao Cấp Mềm Mịn Chống Nhăn Dễ Phối Đồ OW-L01,"Áo Hoodie, Áo Len & Áo Nỉ",OWEN,"{""Danh Mục"":""Áo len"",""Thương hiệu"":""OWEN"",""Chất liệu"":""Len dệt kim cao cấp"",""Xuất xứ"":""Việt Nam"",""Phong cách"":""Tối giản, Hiện đại"",""Mẫu"":""Trơn basic"",""Mùa"":""Thu Đông"",""Tính năng"":""Mềm mịn, chống nhăn, co giãn nhẹ"",""Hoàn cảnh"":""Giao tiếp, Đi làm, Sự kiện"",""Chiều dài tay áo"":""Dài tay"",""Kiểu cổ áo"":""Cổ tròn""}",null,620.000 đ
Áo Len NOVAR Heavyweight Knit Sweater Dáng Rộng Streetwear Unisex Cho Nam Nữ NV-SW05,"Áo Hoodie, Áo Len & Áo Nỉ",NOVAR,"{""Danh Mục"":""Áo len"",""Thương hiệu"":""NOVAR"",""Chất liệu"":""Len sợi to định lượng cao (Heavyweight)"",""Xuất xứ"":""Việt Nam"",""Phong cách"":""Streetwear, Unisex"",""Mẫu"":""Trơn"",""Mùa"":""Mùa đông"",""Tính năng"":""Dày dặn, giữ ấm, đứng form"",""Hoàn cảnh"":""Dạo phố, Chụp ảnh OOTD"",""Chiều dài tay áo"":""Dài tay"",""Kiểu cổ áo"":""Cổ tròn"",""Rất lớn"":""Có""}",null,580.000 đ
Áo len cardigan nam NOVAR phong cách Hàn Quốc dệt kim kẻ sọc cài cúc trẻ trung dễ phối đồ dạo phố,"Áo Hoodie, Áo Len & Áo Nỉ",NOVAR,"{""Danh Mục"":""Áo len"",""Thương hiệu"":""NOVAR"",""Chất liệu"":""Len tăm dệt kim"",""Xuất xứ"":""Việt Nam"",""Phong cách"":""Hàn Quốc, Trẻ trung"",""Mẫu"":""Kẻ sọc ngang"",""Mùa"":""Thu Đông"",""Tính năng"":""Co giãn tốt, dễ dàng phối layer"",""Hoàn cảnh"":""Đi chơi, Cafe, Hẹn hò"",""Chiều dài tay áo"":""Dài tay"",""Kiểu cổ áo"":""Cổ tim (Chữ V)"",""Kiểu nút"":""Cúc cài nhựa""}",null,450.000 đ
Áo Nỉ Nam KRIK Form Regular Thiết Kế Basic Thêu Chữ Slogan AN4172,"Áo Hoodie, Áo Len & Áo Nỉ",KRIK,"{""Danh Mục"":""Áo nỉ"",""Thương hiệu"":""KRIK"",""Chất liệu"":""Vải nỉ cao cấp"",""Xuất xứ"":""Việt Nam"",""Phong cách"":""Trẻ trung, Năng động, Basic"",""Mẫu"":""Thêu chữ Slogan"",""Mùa"":""Thu Đông"",""Tính năng"":""Giữ ấm, Form Regular thoải mái, Không xù lông"",""Hoàn cảnh"":""Hằng ngày, Đi chơi, Đi học, Dạo phố"",""Chiều dài tay áo"":""Tay dài"",""Kiểu cổ áo"":""Cổ tròn""}",https://shopee.vn/%C3%81o-N%E1%BB%89-Nam-KRIK-Form-Regular-Thi%E1%BA%BFt-K%E1%BA%BF-Basic-Th%C3%AAu-Ch%E1%BB%AF-Slogan-Tr%E1%BA%BB-Trung-N%C4%83ng-%C4%90%E1%BB%99ng-AN4172-i.200790122.43925317682?extraParams=%7B%22display_model_id%22%3A267052896794%2C%22model_selection_logic%22%3A3%7D,350.000đ
Áo Nỉ Nam KRIK Form Classic Chất Liệu Cotton Mềm Mại Cao Cấp AN4176,"Áo Hoodie, Áo Len & Áo Nỉ",KRIK,"{""Danh Mục"":""Áo nỉ"",""Thương hiệu"":""KRIK"",""Chất liệu"":""Cotton mềm mại"",""Xuất xứ"":""Việt Nam"",""Phong cách"":""Cá tính, Năng động, Hiện đại"",""Mẫu"":""Trơn / Có điểm nhấn thiết kế"",""Mùa"":""Thu Đông"",""Tính năng"":""Giữ ấm tốt, Form Classic thoải mái, Thấm hút mồ hôi"",""Hoàn cảnh"":""Hằng ngày, Đi chơi, Dạo phố, Đi học"",""Chiều dài tay áo"":""Tay dài"",""Kiểu cổ áo"":""Cổ tròn""}",https://shopee.vn/%C3%81o-N%E1%BB%89-Nam-KRIK-Form-Classic-Ch%E1%BA%A5t-Li%E1%BB%87u-Cotton-M%E1%BB%81m-M%E1%BA%A1i-Cao-C%E1%BA%A5p-T%E1%BA%A1o-%C4%90i%E1%BB%83m-Nh%E1%BA%A5n-C%C3%A1-T%C3%ADnh-AN4176-i.200790122.48702834761?extraParams=%7B%22display_model_id%22%3A138450193545%2C%22model_selection_logic%22%3A3%7D,449.000đ
Áo Nỉ Nam KRIK Dệt Basic Thiết Kế In Cao Thành Trẻ Trung AN4226,"Áo Hoodie, Áo Len & Áo Nỉ",KRIK,"{""Danh Mục"":""Áo nỉ"",""Thương hiệu"":""KRIK"",""Chất liệu"":""Nỉ cotton cao cấp"",""Xuất xứ"":""Việt Nam"",""Phong cách"":""Trẻ trung, Hiện đại, Basic"",""Mẫu"":""In cao thành (High-density print)"",""Mùa"":""Thu Đông"",""Tính năng"":""Giữ ấm, Bề mặt vải dệt mịn, Hình in bền màu"",""Hoàn cảnh"":""Hằng ngày, Đi chơi, Đi học, Dạo phố"",""Chiều dài tay áo"":""Tay dài"",""Kiểu cổ áo"":""Cổ tròn""}",https://shopee.vn/%C3%81o-N%E1%BB%89-Nam-KRIK-Form-Classic-Ch%E1%BA%A5t-Li%E1%BB%87u-D%E1%BB%87t-Basic-Thi%E1%BA%BFt-K%E1%BA%BF-In-Cao-Th%C3%A0nh-Tr%E1%BA%BB-Trung-AN4226-i.200790122.54953358775?extraParams=%7B%22display_model_id%22%3A345322927473%2C%22model_selection_logic%22%3A3%7D,449.000đ
Áo Nỉ Không Mũ BOO Sweater Form Overfit Thêu Logo BOO Basic Cá Tính Chất Liệu Dày Dặn Ấm Áp,"Áo Hoodie, Áo Len & Áo Nỉ",BOO,"{""Danh Mục"":""Áo nỉ"",""Thương hiệu"":""BOO"",""Chất liệu"":""Nỉ bông dày dặn"",""Xuất xứ"":""Việt Nam"",""Phong cách"":""Streetwear, Trẻ trung, Năng động"",""Mẫu"":""Thêu logo BOO"",""Mùa"":""Thu Đông"",""Tính năng"":""Form Overfit rộng rãi, Giữ ấm tốt, Bề mặt vải mềm mịn"",""Hoàn cảnh"":""Đi học, Đi chơi, Dạo phố, Hằng ngày"",""Chiều dài tay áo"":""Tay dài"",""Kiểu cổ áo"":""Cổ tròn""}",https://shopee.vn/%C3%81o-N%E1%BB%89-Kh%C3%B4ng-M%C5%A9-BOO-Sweater-Form-Overfit-Th%C3%AAu-Logo-BOO-Basic-C%C3%A1-T%C3%ADnh-Ch%E1%BA%A5t-Li%E1%BB%87u-D%C3%A0y-D%E1%BA%B7n-%E1%BA%A4m-%C3%81p-i.17271526.29668129648?extraParams=%7B%22display_model_id%22%3A281869204033%2C%22model_selection_logic%22%3A3%7D,299.000đ
Áo Nỉ BOO Sweater Basic Half-Zip Chất Liệu Nỉ 2 Da Cao Cấp Phối Màu Cá Tính,"Áo Hoodie, Áo Len & Áo Nỉ",BOO,"{""Danh Mục"":""Áo nỉ"",""Thương hiệu"":""BOO"",""Chất liệu"":""Nỉ 2 da cao cấp"",""Xuất xứ"":""Việt Nam"",""Phong cách"":""Streetwear, Trẻ trung, Năng động"",""Mẫu"":""Phối màu (Color block) / Basic"",""Mùa"":""Thu Đông"",""Tính năng"":""Cổ Half-Zip, Form rộng thoải mái, Đứng form, Giữ ấm tốt"",""Hoàn cảnh"":""Đi học, Đi chơi, Dạo phố, Hằng ngày"",""Chiều dài tay áo"":""Tay dài"",""Kiểu cổ áo"":""Cổ Half-Zip""}",https://shopee.vn/%C3%81o-N%E1%BB%89-BOO-Sweater-Basic-Half-Zip-Ch%E1%BA%A5t-Li%E1%BB%87u-N%E1%BB%89-2-Da-Cao-C%E1%BA%A5p-Ph%E1%BB%91i-M%C3%A0u-C%C3%A1-T%C3%ADnh-i.17271526.40871611880?extraParams=%7B%22display_model_id%22%3A149305694081%2C%22model_selection_logic%22%3A3%7D,249.000đ
Áo nỉ nam CANIFA dài tay chất liệu nỉ da cá dày dặn 8TW25W007,"Áo Hoodie, Áo Len & Áo Nỉ",CANIFA,"{""Danh Mục"":""Áo nỉ"",""Thương hiệu"":""CANIFA"",""Chất liệu"":""Nỉ da cá (French Terry) dày dặn"",""Xuất xứ"":""Việt Nam"",""Phong cách"":""Casual, Basic, Năng động"",""Mẫu"":""Trơn"",""Mùa"":""Thu Đông, Mùa xuân"",""Tính năng"":""Giữ ấm vừa phải, Thoáng khí, Đứng form, Không xù lông"",""Hoàn cảnh"":""Đi học, Đi làm, Dạo phố, Mặc hằng ngày"",""Chiều dài tay áo"":""Tay dài"",""Kiểu cổ áo"":""Cổ tròn (Crewneck)""}",https://shopee.vn/%C3%81o-n%E1%BB%89-nam-CANIFA-d%C3%A0i-tay-ch%E1%BA%A5t-li%E1%BB%87u-n%E1%BB%89-da-c%C3%A1-d%C3%A0y-d%E1%BA%B7n-8TW25W007-i.70681764.27342627647?extraParams=%7B%22display_model_id%22%3A306876215455%2C%22model_selection_logic%22%3A3%7D&sp_atk=a5cdb790-5a2a-4135-a7bd-adf6cec3096e&xptdk=a5cdb790-5a2a-4135-a7bd-adf6cec3096e,449.000đ
Áo nỉ nam HEYMAN cổ tròn basic lót lông ấm áp thu đông mặc nhà đi dạo phố,"Áo Hoodie, Áo Len & Áo Nỉ",HEYMAN,"{""Danh Mục"":""Áo nỉ"",""Thương hiệu"":""HEYMAN"",""Chất liệu"":""Nỉ lót lông"",""Xuất xứ"":""Việt Nam"",""Phong cách"":""Cơ bản, Tối giản"",""Mẫu"":""Trơn"",""Mùa"":""Thu Đông"",""Tính năng"":""Giữ ấm cực tốt, cản gió nhẹ"",""Hoàn cảnh"":""Mặc nhà, Dạo phố"",""Chiều dài tay áo"":""Dài tay"",""Kiểu cổ áo"":""Cổ tròn"",""Kiểu áo thun"":""Regular Fit""}",null,250.000 đ
Áo Nỉ Nam HEYMAN Dài Tay Bo Gấu Vải Nỉ Chân Cua Form Rộng HM-N01,"Áo Hoodie, Áo Len & Áo Nỉ",HEYMAN,"{""Danh Mục"":""Áo nỉ"",""Thương hiệu"":""HEYMAN"",""Chất liệu"":""Nỉ chân cua (French Terry)"",""Xuất xứ"":""Việt Nam"",""Phong cách"":""Trẻ trung, Năng động"",""Mẫu"":""Trơn viền bo gấu"",""Mùa"":""Thu Đông"",""Tính năng"":""Thoáng khí, thấm hút mồ hôi"",""Hoàn cảnh"":""Đi học, Đi chơi"",""Chiều dài tay áo"":""Dài tay"",""Kiểu cổ áo"":""Cổ tròn"",""Kiểu áo thun"":""Oversize""}",null,280.000 đ
Áo Nỉ HEYMAN Oversized Sweater Minimalist In Logo Tinh Tế Local Brand Unisex HM-N02,"Áo Hoodie, Áo Len & Áo Nỉ",HEYMAN,"{""Danh Mục"":""Áo nỉ"",""Thương hiệu"":""HEYMAN"",""Chất liệu"":""Cotton pha nỉ"",""Xuất xứ"":""Việt Nam"",""Phong cách"":""Minimalist, Unisex"",""Mẫu"":""In logo ngực trái"",""Mùa"":""Thu Đông"",""Tính năng"":""Mềm nịnh da, đứng form"",""Hoàn cảnh"":""Đi dạo, Cafe cùng bạn bè"",""Chiều dài tay áo"":""Dài tay"",""Kiểu cổ áo"":""Cổ tròn"",""Kiểu áo thun"":""Oversize""}",null,320.000 đ
Áo nỉ nam ZUNE.ZX form rộng oversize cá tính in hình graphic nổi bật streetwear,"Áo Hoodie, Áo Len & Áo Nỉ",ZUNE.ZX,"{""Danh Mục"":""Áo nỉ"",""Thương hiệu"":""ZUNE.ZX"",""Chất liệu"":""Nỉ bông dày dặn"",""Xuất xứ"":""Việt Nam"",""Phong cách"":""Streetwear, Cá tính"",""Mẫu"":""In Graphic 3D mặt lưng"",""Mùa"":""Thu Đông"",""Tính năng"":""Giữ nhiệt, chống nhăn"",""Hoàn cảnh"":""Đi quẩy, Chụp hình OOTD"",""Chiều dài tay áo"":""Dài tay"",""Kiểu cổ áo"":""Cổ tròn"",""Kiểu áo thun"":""Oversize""}",null,450.000 đ
Áo Nỉ Nam ZUNE.ZX Thiết Kế Bụi Bặm Rách Gấu Phá Cách Grunge Style ZX-S10,"Áo Hoodie, Áo Len & Áo Nỉ",ZUNE.ZX,"{""Danh Mục"":""Áo nỉ"",""Thương hiệu"":""ZUNE.ZX"",""Chất liệu"":""Nỉ thô xước"",""Xuất xứ"":""Việt Nam"",""Phong cách"":""Grunge, Phá cách"",""Mẫu"":""Cắt xé (Distressed) tưa viền"",""Mùa"":""Thu Đông"",""Tính năng"":""Phong cách độc bản"",""Hoàn cảnh"":""Sự kiện âm nhạc, Dạo phố"",""Chiều dài tay áo"":""Dài tay"",""Kiểu cổ áo"":""Cổ tròn"",""Kiểu áo thun"":""Boxy Fit""}",null,480.000 đ
Áo Sweater ZUNE.ZX Darkwear Aesthetic Vải Nỉ Dày Dặn Dáng Thùng Thình ZX-S11,"Áo Hoodie, Áo Len & Áo Nỉ",ZUNE.ZX,"{""Danh Mục"":""Áo nỉ"",""Thương hiệu"":""ZUNE.ZX"",""Chất liệu"":""Nỉ da cá cao cấp"",""Xuất xứ"":""Việt Nam"",""Phong cách"":""Darkwear, Gothic"",""Mẫu"":""Trơn màu đen tuyền"",""Mùa"":""Thu Đông"",""Tính năng"":""Dày dặn, giữ ấm"",""Hoàn cảnh"":""Đi dạo, Đi chơi tối"",""Chiều dài tay áo"":""Dài tay"",""Kiểu cổ áo"":""Cổ tròn"",""Kiểu áo thun"":""Oversize"",""Rất lớn"":""Có""}",null,510.000 đ
Áo nỉ nam DIRTYCOINS phối màu trendy dáng suông năng động mặc đôi dễ thương,"Áo Hoodie, Áo Len & Áo Nỉ",DIRTYCOINS,"{""Danh Mục"":""Áo nỉ"",""Thương hiệu"":""DIRTYCOINS"",""Chất liệu"":""Nỉ cotton"",""Xuất xứ"":""Việt Nam"",""Phong cách"":""Trendy, Năng động"",""Mẫu"":""Khối màu (Color Block)"",""Mùa"":""Thu Đông"",""Tính năng"":""Mềm mại, dễ phối đồ"",""Hoàn cảnh"":""Mặc đôi (Couple), Hẹn hò"",""Chiều dài tay áo"":""Dài tay"",""Kiểu cổ áo"":""Cổ tròn"",""Kiểu áo thun"":""Form suông""}",null,380.000 đ
Áo Nỉ Nam DIRTYCOINS Basic Vải Mềm Mịn Thấm Mồ Hôi Cực Tốt DC09,"Áo Hoodie, Áo Len & Áo Nỉ",DIRTYCOINS,"{""Danh Mục"":""Áo nỉ"",""Thương hiệu"":""DIRTYCOINS"",""Chất liệu"":""Nỉ da cá (French Terry)"",""Xuất xứ"":""Việt Nam"",""Phong cách"":""Casual, Thường ngày"",""Mẫu"":""Trơn basic"",""Mùa"":""Thu Đông"",""Tính năng"":""Thấm hút tốt, nhẹ nhàng"",""Hoàn cảnh"":""Mặc lót, Mặc ở nhà, Đi tập"",""Chiều dài tay áo"":""Dài tay"",""Kiểu cổ áo"":""Cổ tròn"",""Kiểu áo thun"":""Regular Fit""}",null,350.000 đ
Áo Sweater DIRTYCOINS Y2K Style Monogram Print Thể Thao Đường Phố DC10,"Áo Hoodie, Áo Len & Áo Nỉ",DIRTYCOINS,"{""Danh Mục"":""Áo nỉ"",""Thương hiệu"":""DIRTYCOINS"",""Chất liệu"":""Nỉ dệt kim"",""Xuất xứ"":""Việt Nam"",""Phong cách"":""Y2K, Streetwear"",""Mẫu"":""In Monogram toàn áo"",""Mùa"":""Thu Đông"",""Tính năng"":""Họa tiết sắc nét, không phai"",""Hoàn cảnh"":""Gặp gỡ bạn bè, Lên phố"",""Chiều dài tay áo"":""Dài tay"",""Kiểu cổ áo"":""Cổ tròn bo gân"",""Kiểu áo thun"":""Oversize""}",null,420.000 đ
Áo Nỉ Teelab Graphic Sweater In Hình Gấu Dễ Thương Form Rộng Unisex SS099,"Áo Hoodie, Áo Len & Áo Nỉ",Teelab,"{""Danh Mục"":""Áo nỉ"",""Thương hiệu"":""Teelab"",""Chất liệu"":""Nỉ bông lót nệm mềm"",""Xuất xứ"":""Việt Nam"",""Phong cách"":""Trẻ trung, Cute"",""Mẫu"":""In hình Gấu hoạt hình"",""Mùa"":""Thu Đông"",""Tính năng"":""Giữ ấm, thân thiện với da"",""Hoàn cảnh"":""Đi học, Dã ngoại, Mặc nhóm"",""Chiều dài tay áo"":""Dài tay"",""Kiểu cổ áo"":""Cổ tròn"",""Kiểu áo thun"":""Oversize""}",null,299.000 đ
Áo nỉ nam IVY form rộng vải chân cua dày dặn phong cách trẻ trung năng động mặc mùa đông,"Áo Hoodie, Áo Len & Áo Nỉ",IVY,"{""Danh Mục"":""Áo nỉ"",""Thương hiệu"":""IVY"",""Chất liệu"":""Nỉ chân cua (French Terry)"",""Xuất xứ"":""Việt Nam"",""Phong cách"":""Trẻ trung, Năng động"",""Mẫu"":""Trơn"",""Mùa"":""Thu Đông"",""Tính năng"":""Giữ ấm, đứng form, không xù lông"",""Hoàn cảnh"":""Đi học, Đi chơi"",""Chiều dài tay áo"":""Dài tay"",""Kiểu cổ áo"":""Cổ tròn"",""Kiểu áo thun"":""Oversize""}",null,350.000 đ
Áo Nỉ Nam IVY Cao Cấp Dáng Suông Mềm Mịn Thấm Hút Mồ Hôi Tốt IVY-N01,"Áo Hoodie, Áo Len & Áo Nỉ",IVY,"{""Danh Mục"":""Áo nỉ"",""Thương hiệu"":""IVY"",""Chất liệu"":""Nỉ da cá"",""Xuất xứ"":""Việt Nam"",""Phong cách"":""Casual, Cơ bản"",""Mẫu"":""Thêu logo nhỏ ngực trái"",""Mùa"":""Thu Đông"",""Tính năng"":""Thoáng khí, giữ ấm nhẹ"",""Hoàn cảnh"":""Mặc hàng ngày, Đi dạo"",""Chiều dài tay áo"":""Dài tay"",""Kiểu cổ áo"":""Cổ tròn"",""Kiểu áo thun"":""Regular Fit""}",null,320.000 đ
Áo Nỉ KRIK Essential Graphic Sweater Form Rộng Bụi Bặm Unisex KR-SW02,"Áo Hoodie, Áo Len & Áo Nỉ",KRIK,"{""Danh Mục"":""Áo nỉ"",""Thương hiệu"":""KRIK"",""Chất liệu"":""Nỉ bông (Fleece)"",""Xuất xứ"":""Việt Nam"",""Phong cách"":""Streetwear, Unisex"",""Mẫu"":""In Graphic mặt lưng"",""Mùa"":""Thu Đông"",""Tính năng"":""Dày dặn, giữ nhiệt sâu"",""Hoàn cảnh"":""Dạo phố, Chụp ảnh OOTD"",""Chiều dài tay áo"":""Dài tay"",""Kiểu cổ áo"":""Cổ tròn"",""Kiểu áo thun"":""Boxy Fit""}",null,420.000 đ
Áo sweater nam KRIK vải nỉ wash loang màu phong cách đường phố cá tính cực chất,"Áo Hoodie, Áo Len & Áo Nỉ",KRIK,"{""Danh Mục"":""Áo nỉ"",""Thương hiệu"":""KRIK"",""Chất liệu"":""Nỉ Washed"",""Xuất xứ"":""Việt Nam"",""Phong cách"":""Bụi bặm, Grunge"",""Mẫu"":""Acid Wash (Loang màu)"",""Mùa"":""Bốn mùa"",""Tính năng"":""Màu sắc độc bản, không bai dão"",""Hoàn cảnh"":""Đi quẩy, Sự kiện âm nhạc"",""Chiều dài tay áo"":""Dài tay"",""Kiểu cổ áo"":""Cổ tròn"",""Kiểu áo thun"":""Oversize""}",null,450.000 đ
Áo sơ mi nam Yody dài tay vải sợi tre không nhăn công sở slimfit TRA MOSH25A174,Áo sơ mi,YODY,"{""Danh Mục"":""Áo sơ mi"",""Thương hiệu"":""Yody"",""Chất liệu"":""Vải sợi tre (Bamboo)"",""Xuất xứ"":""Việt Nam"",""Phong cách"":""Công sở, Thanh lịch"",""Mẫu"":""Trơn"",""Mùa"":""Bốn mùa"",""Tính năng"":""Kháng khuẩn, Khử mùi, Chống nhăn, Thoáng mát"",""Hoàn cảnh"":""Đi làm, Sự kiện, Đi tiệc"",""Chiều dài tay áo"":""Dài tay"",""Kiểu cổ áo"":""Cổ bẻ"",""Kiểu nút"":""Nút cài"",""Kiểu áo thun"":""Slim fit""}",https://shopee.vn/%C3%81o-s%C6%A1-mi-nam-Yody-d%C3%A0i-tay-v%E1%BA%A3i-s%E1%BB%A3i-tre-kh%C3%B4ng-nh%C4%83n-c%C3%B4ng-s%E1%BB%9F-%C4%91%E1%BB%A9ng-form-d%C3%A1ng-slimfit-TRA-MOSH25A174-i.173392916.15710186057?extraParams=%7B%22display_model_id%22%3A290142629355%2C%22model_selection_logic%22%3A3%7D,399.000đ
Áo sơ mi nam YODY dài tay mềm mại ít nhăn nhàu mát mẻ SMM6043,Áo sơ mi,YODY,"{""Danh Mục"":""Áo sơ mi"",""Thương hiệu"":""YODY"",""Chất liệu"":""Sợi tổng hợp (Polyester/Rayon)"",""Xuất xứ"":""Việt Nam"",""Phong cách"":""Công sở, Thanh lịch"",""Mẫu"":""Trơn"",""Mùa"":""Bốn mùa"",""Tính năng"":""Ít nhăn nhàu, Mềm mại, Thoáng mát, Bền màu"",""Hoàn cảnh"":""Đi làm, Đi học, Sự kiện"",""Chiều dài tay áo"":""Dài tay"",""Kiểu cổ áo"":""Cổ bẻ"",""Kiểu nút"":""Nút cài""}",https://shopee.vn/%C3%81o-s%C6%A1-mi-nam-YODY-d%C3%A0i-tay-m%E1%BB%81m-m%E1%BA%A1i-%C3%ADt-nh%C4%83n-nh%C3%A0u-m%C3%A1t-m%E1%BA%BB-SMM6043-i.173392916.27032859945?extraParams=%7B%22display_model_id%22%3A188408368107%2C%22model_selection_logic%22%3A3%7D,399.000đ
Áo sơ mi nam tay dài JBAGY Pastel form rộng vải lụa tăm cao cấp,Áo sơ mi,JBAGY,"{""Danh Mục"":""Áo sơ mi"",""Thương hiệu"":""JBAGY"",""Chất liệu"":""Vải lụa tăm cao cấp"",""Xuất xứ"":""Việt Nam"",""Phong cách"":""Hàn Quốc, Trẻ trung"",""Mẫu"":""Trơn / Pastel"",""Mùa"":""Bốn mùa"",""Tính năng"":""Mềm mịn, Thoáng mát, Chống nhăn"",""Hoàn cảnh"":""Hằng ngày, Đi học, Đi làm, Dạo phố"",""Chiều dài tay áo"":""Tay dài"",""Kiểu cổ áo"":""Cổ bẻ / Cổ đức"",""Rất lớn"":""Oversize""}",https://shopee.vn/%C3%81o-s%C6%A1-mi-nam-tay-d%C3%A0i-JBAGY-Pastel-s%C6%A1-mi-tr%E1%BA%AFng-form-r%E1%BB%99ng-v%E1%BA%A3i-l%E1%BB%A5a-t%C4%83m-cao-c%E1%BA%A5p-phong-c%C3%A1ch-H%C3%A0n-Qu%E1%BB%91c-i.259681663.11305172432?extraParams=%7B%22display_model_id%22%3A37719934212%2C%22model_selection_logic%22%3A3%7D,239.000đ
Áo sơ mi nam TORANO dài tay trơn phom chuẩn lịch sự - FATB002,Áo sơ mi,TORANO,"{""Danh Mục"":""Áo sơ mi"",""Thương hiệu"":""TORANO"",""Chất liệu"":""88% Polyester, 12% Modal"",""Xuất xứ"":""Việt Nam"",""Phong cách"":""Lịch sự, Công sở"",""Mẫu"":""Trơn"",""Mùa"":""Bốn mùa"",""Tính năng"":""Thấm hút mồ hôi, Thoáng khí, Không đổ lông"",""Hoàn cảnh"":""Đi làm, Sự kiện, Lễ tiệc"",""Chiều dài tay áo"":""Dài tay"",""Kiểu cổ áo"":""Cổ bẻ / Cổ đức"",""Kiểu áo sơ mi"":""Premium Shirt""}",https://shopee.vn/%C3%81o-s%C6%A1-mi-nam-TORANO-d%C3%A0i-tay-tr%C6%A1n-phom-chu%E1%BA%A9n-l%E1%BB%8Bch-s%E1%BB%B1-FATB002-i.835435.15963533395?extraParams=%7B%22display_model_id%22%3A176354524510%2C%22model_selection_logic%22%3A3%7D,314.000đ
Áo sơ mi nam nữ ngắn tay ARMCEO cổ vest chất liệu linen form chuẩn Hàn Quốc,Áo sơ mi,ARMCEO,"{""Danh Mục"":""Áo sơ mi"",""Thương hiệu"":""ARMCEO"",""Chất liệu"":""Linen (Vải lanh)"",""Xuất xứ"":""Việt Nam"",""Phong cách"":""Hàn Quốc, Unisex, Trẻ trung"",""Mẫu"":""Trơn"",""Mùa"":""Mùa hè, Bốn mùa"",""Tính năng"":""Thoáng mát, Form chuẩn, Thấm hút mồ hôi"",""Hoàn cảnh"":""Đi chơi, Dạo phố, Đi biển, Hằng ngày"",""Chiều dài tay áo"":""Tay ngắn"",""Kiểu cổ áo"":""Cổ vest (Cuban Collar)""}",https://shopee.vn/%C3%81o-s%C6%A1-mi-nam-n%E1%BB%AF-ng%E1%BA%AFn-tay-ARMCEO-c%E1%BB%95-vest-ch%E1%BA%A5t-li%E1%BB%87u-linen-form-chu%E1%BA%A9n-H%C3%A0n-Qu%E1%BB%91c-i.842092370.25526819281?extraParams=%7B%22display_model_id%22%3A255886649220%2C%22model_selection_logic%22%3A3%7D,185.000đ
Áo sơ mi oxford nam nữ form rộng kẻ sọc Baeton thiết kế basic 2 màu xanh hồng S03,Áo sơ mi,ARMCEO,"{""Danh Mục"":""Áo sơ mi"",""Thương hiệu"":""ARMCEO"",""Chất liệu"":""Vải Oxford"",""Xuất xứ"":""Việt Nam"",""Phong cách"":""Unisex, Trẻ trung, Năng động"",""Mẫu"":""Kẻ sọc (Striped)"",""Mùa"":""Bốn mùa"",""Tính năng"":""Form rộng (Oversize), Đứng form, Thấm hút mồ hôi"",""Hoàn cảnh"":""Đi học, Đi làm, Dạo phố, Hằng ngày"",""Chiều dài tay áo"":""Tay dài"",""Kiểu cổ áo"":""Cổ bẻ (Basic)""}",https://shopee.vn/%C3%81o-s%C6%A1-mi-oxford-nam-n%E1%BB%AF-form-r%E1%BB%99ng-k%E1%BA%BB-s%E1%BB%8Dc-Baeton-thi%E1%BA%BFt-k%E1%BA%BF-basic-2-m%C3%A0u-xanh-h%E1%BB%93ng-S03-i.842092370.23504886154?extraParams=%7B%22display_model_id%22%3A88835253323%2C%22model_selection_logic%22%3A3%7D,220.000đ
Áo Sơ Mi Dài Tay BOO Overfit Unisex Basic trơn Essential,Áo sơ mi,BOO,"{""Danh Mục"":""Áo sơ mi"",""Thương hiệu"":""BOO"",""Chất liệu"":""Cotton thoáng mát"",""Xuất xứ"":""Việt Nam"",""Phong cách"":""Unisex, Trẻ trung, Basic, Streetwear"",""Mẫu"":""Trơn (Essential)"",""Mùa"":""Bốn mùa"",""Tính năng"":""Form Overfit thoải mái, Thấm hút mồ hôi, Dễ phối đồ"",""Hoàn cảnh"":""Đi học, Đi làm, Đi chơi, Hằng ngày"",""Chiều dài tay áo"":""Tay dài"",""Kiểu cổ áo"":""Cổ bẻ (Basic)""}",https://shopee.vn/%C3%81o-S%C6%A1-Mi-D%C3%A0i-Tay-BOO-Overfit-Unisex-Basic-tr%C6%A1n-Essential-i.17271526.42507025494?extraParams=%7B%22display_model_id%22%3A280595389671%2C%22model_selection_logic%22%3A3%7D,399.000đ
Áo sơ mi nam ARISTINO dài tay vải sợi tre bamboo chống nhăn cao cấp form ôm vừa tôn dáng công sở lịch lãm,Áo sơ mi,ARISTINO,"{""Danh Mục"":""Áo sơ mi"",""Thương hiệu"":""ARISTINO"",""Chất liệu"":""Sợi tre (Bamboo)"",""Xuất xứ"":""Việt Nam"",""Phong cách"":""Công sở, Lịch lãm"",""Mẫu"":""Trơn"",""Mùa"":""Bốn mùa"",""Tính năng"":""Chống nhăn, mềm mịn"",""Hoàn cảnh"":""Đi làm, Dự tiệc"",""Chiều dài tay áo"":""Dài tay"",""Kiểu cổ áo"":""Cổ bẻ (Cổ Đức)"",""Kiểu nút"":""Cúc nhựa cao cấp""}",null,450.000 đ
Áo Sơ Mi Nam ARISTINO Cộc Tay Họa Tiết Kẻ Caro Trẻ Trung Vải Cotton Thoáng Mát ASM01,Áo sơ mi,ARISTINO,"{""Danh Mục"":""Áo sơ mi"",""Thương hiệu"":""ARISTINO"",""Chất liệu"":""Cotton 100%"",""Xuất xứ"":""Việt Nam"",""Phong cách"":""Trẻ trung, Hiện đại"",""Mẫu"":""Kẻ Caro"",""Mùa"":""Mùa hè"",""Tính năng"":""Thấm hút mồ hôi, thoáng khí"",""Hoàn cảnh"":""Đi làm, Đi chơi"",""Chiều dài tay áo"":""Ngắn tay"",""Kiểu cổ áo"":""Cổ bẻ"",""Kiểu nút"":""Cúc nhựa""}",null,350.000 đ
Áo Sơ Mi ARISTINO Premium Bamboo Dress Shirt Cổ Đức Cổ Điển Form Regular Fit ASM02,Áo sơ mi,ARISTINO,"{""Danh Mục"":""Áo sơ mi"",""Thương hiệu"":""ARISTINO"",""Chất liệu"":""Sợi tre (Bamboo)"",""Xuất xứ"":""Việt Nam"",""Phong cách"":""Sang trọng, Cổ điển"",""Mẫu"":""Trơn"",""Mùa"":""Bốn mùa"",""Tính năng"":""Kháng khuẩn, giữ form"",""Hoàn cảnh"":""Gặp đối tác, Sự kiện"",""Chiều dài tay áo"":""Dài tay"",""Kiểu cổ áo"":""Cổ Đức"",""Kiểu nút"":""Cúc dập logo""}",null,450.000 đ
Áo sơ mi trắng nam OWEN tay dài dáng slimfit học sinh sinh viên mặc đi học đi làm vải lụa trơn không nhăn,Áo sơ mi,OWEN,"{""Danh Mục"":""Áo sơ mi"",""Thương hiệu"":""OWEN"",""Chất liệu"":""Lụa nhân tạo"",""Xuất xứ"":""Việt Nam"",""Phong cách"":""Thanh lịch, Cơ bản"",""Mẫu"":""Trơn trắng"",""Mùa"":""Bốn mùa"",""Tính năng"":""Không nhăn, dễ là ủi"",""Hoàn cảnh"":""Đi học, Đi làm công sở"",""Chiều dài tay áo"":""Dài tay"",""Kiểu cổ áo"":""Cổ bẻ"",""Kiểu nút"":""Cúc trắng đồng màu""}",null,420.000 đ
Áo Sơ Mi Nam OWEN Dài Tay Vải Nano Kháng Khuẩn Khử Mùi Màu Xanh Nhạt Form Basic OWS01,Áo sơ mi,OWEN,"{""Danh Mục"":""Áo sơ mi"",""Thương hiệu"":""OWEN"",""Chất liệu"":""Vải Nano"",""Xuất xứ"":""Việt Nam"",""Phong cách"":""Công sở, Chuyên nghiệp"",""Mẫu"":""Trơn"",""Mùa"":""Bốn mùa"",""Tính năng"":""Kháng khuẩn, khử mùi, chống tia UV"",""Hoàn cảnh"":""Đi làm hàng ngày"",""Chiều dài tay áo"":""Dài tay"",""Kiểu cổ áo"":""Cổ bẻ"",""Kiểu nút"":""Cúc nhựa""}",null,480.000 đ
Áo Sơ Mi Cộc Tay OWEN Smart Casual Oxford Shirt Vải Dày Dặn Thoáng Khí OWS02,Áo sơ mi,OWEN,"{""Danh Mục"":""Áo sơ mi"",""Thương hiệu"":""OWEN"",""Chất liệu"":""Vải Oxford"",""Xuất xứ"":""Việt Nam"",""Phong cách"":""Smart Casual"",""Mẫu"":""Trơn / Xước nhẹ"",""Mùa"":""Bốn mùa"",""Tính năng"":""Dày dặn, đứng nếp"",""Hoàn cảnh"":""Dạo phố, Cafe, Đi làm"",""Chiều dài tay áo"":""Ngắn tay"",""Kiểu cổ áo"":""Cổ Button-down (Cổ cài khuy)"",""Kiểu nút"":""Cúc gài""}",null,450.000 đ
Áo sơ mi nam POLOMAN tay ngắn lụa băng mát lạnh form suông rộng mặc mùa hè đi biển dạo phố cực chất,Áo sơ mi,POLOMAN,"{""Danh Mục"":""Áo sơ mi"",""Thương hiệu"":""POLOMAN"",""Chất liệu"":""Lụa băng (Ice Silk)"",""Xuất xứ"":""Việt Nam"",""Phong cách"":""Trẻ trung, Mùa hè"",""Mẫu"":""Trơn"",""Mùa"":""Mùa hè"",""Tính năng"":""Mát lạnh, trơn trượt, mỏng nhẹ"",""Hoàn cảnh"":""Đi biển, Du lịch"",""Chiều dài tay áo"":""Ngắn tay"",""Kiểu cổ áo"":""Cổ Cubans (Cổ pijama)"",""Kiểu nút"":""Cúc nhựa""}",null,299.000 đ
Áo Sơ Mi Kẻ Sọc Nam POLOMAN Dài Tay Form Rộng Phong Cách Hàn Quốc Trẻ Trung Năng Động PLS03,Áo sơ mi,POLOMAN,"{""Danh Mục"":""Áo sơ mi"",""Thương hiệu"":""POLOMAN"",""Chất liệu"":""Cotton pha"",""Xuất xứ"":""Việt Nam"",""Phong cách"":""Hàn Quốc, Năng động"",""Mẫu"":""Kẻ sọc dọc"",""Mùa"":""Bốn mùa"",""Tính năng"":""Tôn chiều cao, mềm mại"",""Hoàn cảnh"":""Đi chơi, Đi học"",""Chiều dài tay áo"":""Dài tay"",""Kiểu cổ áo"":""Cổ bẻ"",""Kiểu nút"":""Cúc gài""}",null,320.000 đ
Áo Sơ Mi Nam POLOMAN Oversized Flannel Shirt Caro Bụi Bặm Streetwear Nam Nữ Unisex PLS04,Áo sơ mi,POLOMAN,"{""Danh Mục"":""Áo sơ mi"",""Thương hiệu"":""POLOMAN"",""Chất liệu"":""Vải Flannel (Dạ mỏng)"",""Xuất xứ"":""Việt Nam"",""Phong cách"":""Streetwear, Bụi bặm"",""Mẫu"":""Kẻ Caro to"",""Mùa"":""Thu Đông"",""Tính năng"":""Giữ ấm nhẹ, khoác ngoài"",""Hoàn cảnh"":""Đi quẩy, Dạo phố, Concert"",""Chiều dài tay áo"":""Dài tay"",""Kiểu cổ áo"":""Cổ bẻ"",""Kiểu nút"":""Cúc bấm"",""Rất lớn"":""Có""}",null,380.000 đ
Áo sơ mi cổ tàu nam SUKIYA vải đũi linen tay lỡ phong cách Nhật Bản tối giản mặc thoáng mát mùa hè,Áo sơ mi,SUKIYA,"{""Danh Mục"":""Áo sơ mi"",""Thương hiệu"":""SUKIYA"",""Chất liệu"":""Đũi (Linen)"",""Xuất xứ"":""Việt Nam"",""Phong cách"":""Tối giản, Nhật Bản"",""Mẫu"":""Vân đũi tự nhiên"",""Mùa"":""Mùa hè"",""Tính năng"":""Cực kì thoáng mát, thấm hút mồ hôi"",""Hoàn cảnh"":""Nghỉ dưỡng, Mặc hàng ngày"",""Chiều dài tay áo"":""Tay lỡ (3/4)"",""Kiểu cổ áo"":""Cổ Tàu (Cổ trụ)"",""Kiểu nút"":""Cúc gỗ""}",null,350.000 đ
Áo Sơ Mi Nam Adidas Cộc Tay Chơi Golf Vải Lưới Thoáng Khí Lịch Lãm AD-SM01,Áo sơ mi,Adidas,"{""Danh Mục"":""Áo sơ mi"",""Thương hiệu"":""Adidas"",""Chất liệu"":""Poly tái chế thoáng khí"",""Xuất xứ"":""Việt Nam"",""Phong cách"":""Thể thao, Thanh lịch"",""Mẫu"":""Trơn dệt nổi"",""Mùa"":""Mùa hè"",""Tính năng"":""Chống tia UV, khô nhanh, làm mát"",""Hoàn cảnh"":""Chơi Golf, Giao tiếp công việc ngoài trời"",""Chiều dài tay áo"":""Ngắn tay"",""Kiểu cổ áo"":""Cổ bẻ"",""Kiểu nút"":""Cúc nhựa cao cấp""}",null,1.200.000 đ
Áo sơ mi nam Adidas dài tay vải dù mỏng nhẹ đi nắng chống tia cực tím phong cách đường phố streetwear,Áo sơ mi,Adidas,"{""Danh Mục"":""Áo sơ mi"",""Thương hiệu"":""Adidas"",""Chất liệu"":""Nylon siêu nhẹ"",""Xuất xứ"":""Việt Nam"",""Phong cách"":""Streetstyle, Đa năng"",""Mẫu"":""Khối màu (Color block)"",""Mùa"":""Bốn mùa"",""Tính năng"":""Cản gió, chống UV, chống thấm nhẹ"",""Hoàn cảnh"":""Dạo phố, Trượt ván, Mặc khoác ngoài"",""Chiều dài tay áo"":""Dài tay"",""Kiểu cổ áo"":""Cổ bẻ"",""Kiểu nút"":""Cúc bấm kim loại""}",null,1.100.000 đ
Áo Sơ Mi Adidas Skateboarding Button-down Shirt Dáng Rộng Nam Nữ Unisex AD-SM03,Áo sơ mi,Adidas,"{""Danh Mục"":""Áo sơ mi"",""Thương hiệu"":""Adidas"",""Chất liệu"":""Cotton Twill dày dặn"",""Xuất xứ"":""Việt Nam"",""Phong cách"":""Skateboarding, Thể thao đường phố"",""Mẫu"":""Trơn thêu logo lá (Trefoil)"",""Mùa"":""Bốn mùa"",""Tính năng"":""Bền bỉ, chịu ma sát tốt, form cứng cáp"",""Hoàn cảnh"":""Trượt ván, Đi chơi"",""Chiều dài tay áo"":""Dài tay"",""Kiểu cổ áo"":""Cổ cài khuy (Button-down)"",""Kiểu nút"":""Cúc gài cài khuy""}",null,950.000 đ
Áo thun nam T-Shirt Basic Cotton 100% 220gsm Coolmate,Áo thun ,Coolmate,"{""Danh Mục"":""Áo thun cơ bản"",""Thương hiệu"":""Coolmate"",""Chất liệu"":""100% Cotton"",""Xuất xứ"":""Việt Nam"",""Phong cách"":""Cơ bản"",""Mẫu"":""Trơn"",""Mùa"":""Bốn mùa"",""Tính năng"":""Thấm hút tốt, Mềm mại, Dày dặn"",""Hoàn cảnh"":""Mặc hàng ngày, Đi chơi"",""Chiều dài tay áo"":""Ngắn tay"",""Kiểu cổ áo"":""Cổ tròn"",""Rất lớn"":""Có"",""Kiểu áo thun"":""Regular fit""}",https://shopee.vn/%C3%81o-thun-nam-TShirt-Basic-Cotton-100-220gsm-d%C3%A0y-d%E1%BA%B7n-m%E1%BB%81m-m%E1%BA%A1i-Coolmate-i.24710134.18483274744,160.000đ
Áo thun nam Cotton Compact phiên bản Premium chống nhăn Coolmate,Áo thun ,Coolmate,"{""Danh Mục"":""Áo thun cơ bản"",""Thương hiệu"":""Coolmate"",""Chất liệu"":""95% Cotton Compact, 5% Spandex"",""Xuất xứ"":""Việt Nam"",""Phong cách"":""Cơ bản, Thanh lịch"",""Mẫu"":""Trơn"",""Mùa"":""Bốn mùa"",""Tính năng"":""Chống nhăn, Thoáng mát, Co giãn tốt, Bền bỉ"",""Hoàn cảnh"":""Mặc hàng ngày, Đi làm, Đi chơi"",""Chiều dài tay áo"":""Ngắn tay"",""Kiểu cổ áo"":""Cổ tròn"",""Rất lớn"":""Có"",""Kiểu áo thun"":""Regular fit, Slim fit""}",https://shopee.vn/%C3%81o-thun-nam-Cotton-Compact-phi%C3%AAn-b%E1%BA%A3n-Premium-ch%E1%BB%91ng-nh%C4%83n-v%E1%BA%A3i-tho%C3%A1ng-m%C3%A1t-co-gi%C3%A3n-t%E1%BB%91t-Coolmate-i.24710134.7237568031,200.000đ
Áo Thun Teelab Keyboard Form Rộng Local Brand Unisex Tshirt TS330,Áo thun,Teelab,"{""Danh Mục"":""Áo thun cơ bản"",""Thương hiệu"":""Teelab"",""Chất liệu"":""Cotton thoáng mát"",""Xuất xứ"":""Việt Nam"",""Phong cách"":""Streetwear, Trẻ trung, Năng động, Unisex"",""Mẫu"":""In graphic (Bàn phím / Keyboard)"",""Mùa"":""Mùa hè, Bốn mùa"",""Tính năng"":""Form rộng (Oversize), Thoáng mát, Thấm hút mồ hôi, Mềm mịn"",""Hoàn cảnh"":""Đi học, Đi chơi, Dạo phố, Hằng ngày"",""Chiều dài tay áo"":""Tay ngắn"",""Kiểu cổ áo"":""Cổ tròn""}",https://shopee.vn/%C3%81o-Thun-Teelab-Keyboard-Form-R%E1%BB%99ng-Local-Brand-Unisex-Tshirt-TS330-i.308542026.40653938167?extraParams=%7B%22display_model_id%22%3A285334919001%2C%22model_selection_logic%22%3A3%7D&sp_atk=e82309dc-430e-48a3-8350-a8a2d347ef82&xptdk=e82309dc-430e-48a3-8350-a8a2d347ef82,270.000đ
Áo Thun Teelab Basic Multi Color Tshirt Cotton thoáng mát Local Brand Unisex TS341,Áo thun,Teelab,"{""Danh Mục"":""Áo thun cơ bản"",""Thương hiệu"":""Teelab"",""Chất liệu"":""Cotton thoáng mát"",""Xuất xứ"":""Việt Nam"",""Phong cách"":""Basic, Streetwear, Năng động, Unisex"",""Mẫu"":""Trơn (Nhiều màu / Multi Color)"",""Mùa"":""Mùa hè, Bốn mùa"",""Tính năng"":""Form rộng (Oversize), Thoáng mát, Thấm hút mồ hôi, Dễ phối đồ"",""Hoàn cảnh"":""Đi học, Đi chơi, Dạo phố, Hằng ngày"",""Chiều dài tay áo"":""Tay ngắn"",""Kiểu cổ áo"":""Cổ tròn""}",https://shopee.vn/%C3%81o-Thun-Teelab-Basic-Multi-Color-Tshirt-Cotton-tho%C3%A1ng-m%C3%A1t-Local-Brand-Unisex-TS341-i.308542026.26090170766?extraParams=%7B%22display_model_id%22%3A276145937210%2C%22model_selection_logic%22%3A3%7D&sp_atk=89b39738-a16c-45af-b533-7e8f5a8a6268&xptdk=89b39738-a16c-45af-b533-7e8f5a8a6268,270.000đ
Áo Thun BOO Form Babytee Ngắn Chất Liệu Cotton 100% Thêu Logo BOO,Áo thun,BOO,"{""Danh Mục"":""Áo thun cơ bản"",""Thương hiệu"":""BOO"",""Chất liệu"":""100% Cotton"",""Xuất xứ"":""Việt Nam"",""Phong cách"":""Trẻ trung, Năng động, Y2K"",""Mẫu"":""Trơn / Thêu logo BOO"",""Mùa"":""Mùa hè, Bốn mùa"",""Tính năng"":""Form Babytee ôm dáng, Dáng ngắn (Cropped), Thấm hút mồ hôi tốt"",""Hoàn cảnh"":""Đi chơi, Dạo phố, Hằng ngày, Cafe"",""Chiều dài tay áo"":""Tay ngắn"",""Kiểu cổ áo"":""Cổ tròn""}",https://shopee.vn/%C3%81o-Thun-BOO-Form-Babytee-Ng%E1%BA%AFn-Ch%E1%BA%A5t-Li%E1%BB%87u-Cotton-100-Th%C3%AAu-Logo-BOO-i.17271526.24884431704?extraParams=%7B%22display_model_id%22%3A69571441232%2C%22model_selection_logic%22%3A3%7D,170.000đ
Áo Thun Nam VIMAX Cotton 100% Co Giãn 2 Chiều Basic Tee Form Rộng Local Brand Unisex VM101,Áo thun,VIMAX,"{""Danh Mục"":""Áo thun cơ bản"",""Thương hiệu"":""VIMAX"",""Chất liệu"":""Cotton 100%"",""Xuất xứ"":""Việt Nam"",""Phong cách"":""Minimalist, Casual"",""Mẫu"":""Trơn"",""Mùa"":""Bốn mùa"",""Tính năng"":""Thấm hút mồ hôi, mềm mịn"",""Hoàn cảnh"":""Mặc hàng ngày, Đi chơi"",""Chiều dài tay áo"":""Ngắn tay"",""Kiểu cổ áo"":""Cổ tròn"",""Kiểu áo thun"":""Oversize""}",null,150.000 đ
Áo Thun Tay Lỡ VIMAX Oversize Cotton Co Giãn Streetwear Phông Rộng Nam Nữ Unisex VM102,Áo thun,VIMAX,"{""Danh Mục"":""Áo thun cơ bản"",""Thương hiệu"":""VIMAX"",""Chất liệu"":""Cotton 2 chiều"",""Xuất xứ"":""Việt Nam"",""Phong cách"":""Streetwear, Năng động"",""Mẫu"":""Trơn"",""Mùa"":""Bốn mùa"",""Tính năng"":""Thoáng mát, giữ form"",""Hoàn cảnh"":""Đi học, Dạo phố"",""Chiều dài tay áo"":""Tay lỡ"",""Kiểu cổ áo"":""Cổ tròn"",""Kiểu áo thun"":""Oversize""}",null,165.000 đ
Áo Phông Nam VIMAX Premium Cotton Sợi Tự Nhiên Mềm Mịn Thấm Hút Mồ Hôi Basic VM103,Áo thun,VIMAX,"{""Danh Mục"":""Áo thun cơ bản"",""Thương hiệu"":""VIMAX"",""Chất liệu"":""Premium Cotton"",""Xuất xứ"":""Việt Nam"",""Phong cách"":""Đơn giản, Thanh lịch"",""Mẫu"":""Trơn"",""Mùa"":""Mùa hè"",""Tính năng"":""Kháng khuẩn, không xù lông"",""Hoàn cảnh"":""Mặc nhà, Đi dã ngoại"",""Chiều dài tay áo"":""Ngắn tay"",""Kiểu cổ áo"":""Cổ tròn"",""Kiểu áo thun"":""Regular Fit""}",null,180.000 đ
Áo Thun Trơn VENI Phong Cách Hàn Quốc Minimalist T-shirt Form Suông Unisex VE001,Áo thun,VENI,"{""Danh Mục"":""Áo thun cơ bản"",""Thương hiệu"":""VENI"",""Chất liệu"":""Cotton Tici (35/65)"",""Xuất xứ"":""Việt Nam"",""Phong cách"":""Hàn Quốc, Trẻ trung"",""Mẫu"":""Trơn"",""Mùa"":""Bốn mùa"",""Tính năng"":""Bền màu, ít nhăn"",""Hoàn cảnh"":""Đi chơi, Cafe"",""Chiều dài tay áo"":""Ngắn tay"",""Kiểu cổ áo"":""Cổ tròn"",""Kiểu áo thun"":""Form suông""}",null,125.000 đ
Áo Thun Nam VENI Cổ Tròn Vải Cotton Tici Dày Dặn Không Xù Lông Basic Tee VE002,Áo thun,VENI,"{""Danh Mục"":""Áo thun cơ bản"",""Thương hiệu"":""VENI"",""Chất liệu"":""Cotton pha"",""Xuất xứ"":""Việt Nam"",""Phong cách"":""Cơ bản"",""Mẫu"":""Trơn"",""Mùa"":""Bốn mùa"",""Tính năng"":""Dày dặn, co giãn nhẹ"",""Hoàn cảnh"":""Mặc lót, Mặc hàng ngày"",""Chiều dài tay áo"":""Ngắn tay"",""Kiểu cổ áo"":""Cổ tròn"",""Kiểu áo thun"":""Basic""}",null,95.000 đ
Áo Phông Unisex VENI Boxy Fit Thần Thái Minimalist Cotton 2 Chiều Cao Cấp VE003,Áo thun,VENI,"{""Danh Mục"":""Áo thun cơ bản"",""Thương hiệu"":""VENI"",""Chất liệu"":""Cotton 100%"",""Xuất xứ"":""Việt Nam"",""Phong cách"":""Boxy, Streetstyle"",""Mẫu"":""Trơn"",""Mùa"":""Bốn mùa"",""Tính năng"":""Thoáng khí, tôn dáng"",""Hoàn cảnh"":""Fashion photoshoot, Đi tiệc"",""Chiều dài tay áo"":""Ngắn tay"",""Kiểu cổ áo"":""Cổ tròn bo gân"",""Kiểu áo thun"":""Boxy Fit""}",null,195.000 đ
Áo Thun Nam IVY Essential Slim Fit Vải Cotton Co Giãn Tôn Dáng Trẻ Trung IVY-S1,Áo thun,IVY,"{""Danh Mục"":""Áo thun cơ bản"",""Thương hiệu"":""IVY"",""Chất liệu"":""Cotton Spandex"",""Xuất xứ"":""Việt Nam"",""Phong cách"":""Hiện đại, Slimfit"",""Mẫu"":""Trơn"",""Mùa"":""Bốn mùa"",""Tính năng"":""Co giãn 4 chiều, tôn body"",""Hoàn cảnh"":""Tập gym, Hẹn hò"",""Chiều dài tay áo"":""Ngắn tay"",""Kiểu cổ áo"":""Cổ tròn"",""Kiểu áo thun"":""Slim Fit""}",null,220.000 đ
Áo Thun IVY Heavyweight Cotton Định Lượng 250gsm Dày Dặn Form Rộng Local Brand IVY-H2,Áo thun,IVY,"{""Danh Mục"":""Áo thun cơ bản"",""Thương hiệu"":""IVY"",""Chất liệu"":""Heavy Cotton 250gsm"",""Xuất xứ"":""Việt Nam"",""Phong cách"":""Local Brand, Streetwear"",""Mẫu"":""Trơn cao cấp"",""Mùa"":""Thu Đông"",""Tính năng"":""Vải dày, đứng form"",""Hoàn cảnh"":""Đi chơi, Sự kiện ngoài trời"",""Chiều dài tay áo"":""Ngắn tay"",""Kiểu cổ áo"":""Cổ tròn"",""Kiểu áo thun"":""Oversize""}",null,290.000 đ
Áo Phông Cổ Tim IVY V-neck Casual T-shirt Cotton Soft Mềm Mại Thoáng Mát IVY-V3,Áo thun,IVY,"{""Danh Mục"":""Áo thun cơ bản"",""Thương hiệu"":""IVY"",""Chất liệu"":""Cotton Combed 30s"",""Xuất xứ"":""Việt Nam"",""Phong cách"":""Casual, Lãng tử"",""Mẫu"":""Trơn"",""Mùa"":""Mùa hè"",""Tính năng"":""Siêu mềm, thấm hút tốt"",""Hoàn cảnh"":""Du lịch, Nghỉ dưỡng"",""Chiều dài tay áo"":""Ngắn tay"",""Kiểu cổ áo"":""Cổ tim (Cổ chữ V)"",""Kiểu áo thun"":""Regular Fit""}",null,210.000 đ
Áo Thun Vintage IVY Acid Wash Hiệu Ứng Washed Bụi Bặm Streetstyle Form Rộng IVY-A4,Áo thun,IVY,"{""Danh Mục"":""Áo thun cơ bản"",""Thương hiệu"":""IVY"",""Chất liệu"":""Cotton Washed"",""Xuất xứ"":""Việt Nam"",""Phong cách"":""Vintage, Grunge"",""Mẫu"":""Washed (Loang màu)"",""Mùa"":""Bốn mùa"",""Tính năng"":""Độc bản, phong cách bụi bặm"",""Hoàn cảnh"":""Đi chơi, Concert"",""Chiều dài tay áo"":""Ngắn tay"",""Kiểu cổ áo"":""Cổ tròn"",""Kiểu áo thun"":""Oversize""}",null,220.000 đ
Áo thun nam Routine cơ bản cổ tròn vải cotton 100% thấm hút mồ hôi đứng form trẻ trung đi làm đi chơi,Áo thun,Routine,"{""Danh Mục"":""Áo thun cơ bản"",""Thương hiệu"":""Routine"",""Chất liệu"":""Cotton 100%"",""Xuất xứ"":""Việt Nam"",""Phong cách"":""Thanh lịch, Cơ bản"",""Mẫu"":""Trơn"",""Mùa"":""Bốn mùa"",""Tính năng"":""Thấm hút mồ hôi, đứng form"",""Hoàn cảnh"":""Đi làm, Đi chơi"",""Chiều dài tay áo"":""Ngắn tay"",""Kiểu cổ áo"":""Cổ tròn"",""Kiểu áo thun"":""Regular Fit""}",null,220.000 đ
Áo Thun Teelab Basic Oversized Tee T-shirt Trơn Nam Nữ Local Brand Unisex SS105,Áo thun,Teelab,"{""Danh Mục"":""Áo thun cơ bản"",""Thương hiệu"":""Teelab"",""Chất liệu"":""Cotton 2 chiều"",""Xuất xứ"":""Việt Nam"",""Phong cách"":""Trẻ trung, Streetwear"",""Mẫu"":""Trơn thêu logo nhỏ ngực trái"",""Mùa"":""Bốn mùa"",""Tính năng"":""Rộng rãi, thoải mái, thấm mồ hôi"",""Hoàn cảnh"":""Đi học, Dạo phố"",""Chiều dài tay áo"":""Tay lỡ"",""Kiểu cổ áo"":""Cổ tròn"",""Kiểu áo thun"":""Oversize""}",null,180.000 đ
Áo Phông Nam ZETIS Basic Cotton Co Giãn Thoáng Mát Form Suông Trẻ Trung ZT-CB99,Áo thun,ZETIS,"{""Danh Mục"":""Áo thun cơ bản"",""Thương hiệu"":""ZETIS"",""Chất liệu"":""Cotton pha Spandex"",""Xuất xứ"":""Việt Nam"",""Phong cách"":""Hiện đại, Tối giản"",""Mẫu"":""Trơn"",""Mùa"":""Bốn mùa"",""Tính năng"":""Co giãn tốt, thoáng mát"",""Hoàn cảnh"":""Mặc lót, Cafe cùng bạn bè"",""Chiều dài tay áo"":""Ngắn tay"",""Kiểu cổ áo"":""Cổ tròn"",""Kiểu áo thun"":""Form suông""}",null,150.000 đ
Áo thun nam cơ bản OWEN ngắn tay dáng ôm slimfit thanh lịch mặc lót mặc nhà vải mềm nịnh da,Áo thun,OWEN,"{""Danh Mục"":""Áo thun cơ bản"",""Thương hiệu"":""OWEN"",""Chất liệu"":""Premium Cotton"",""Xuất xứ"":""Việt Nam"",""Phong cách"":""Công sở, Gọn gàng"",""Mẫu"":""Trơn"",""Mùa"":""Bốn mùa"",""Tính năng"":""Mềm mịn, kháng khuẩn"",""Hoàn cảnh"":""Mặc lót trong áo sơ mi, Mặc nhà"",""Chiều dài tay áo"":""Ngắn tay"",""Kiểu cổ áo"":""Cổ tim"",""Kiểu áo thun"":""Slimfit""}",null,250.000 đ
Áo Phông DIRTYCOINS Essential Logo Tee Streetwear Unisex Vải Dày Dặn DC-BS02,Áo thun,DIRTYCOINS,"{""Danh Mục"":""Áo thun cơ bản"",""Thương hiệu"":""DIRTYCOINS"",""Chất liệu"":""Cotton định lượng cao"",""Xuất xứ"":""Việt Nam"",""Phong cách"":""Unisex, Bụi bặm"",""Mẫu"":""Trơn in Logo Essential"",""Mùa"":""Bốn mùa"",""Tính năng"":""Dày dặn, giữ form cực tốt"",""Hoàn cảnh"":""Sự kiện âm nhạc, Chụp hình OOTD"",""Chiều dài tay áo"":""Ngắn tay"",""Kiểu cổ áo"":""Cổ bo gân"",""Kiểu áo thun"":""Boxy Fit""}",null,350.000 đ
Áo polo nam cao cấp BASIC DIAMOND POLO vải CVC Diamond sang trọng,Áo thun ,POLOMANOR,"{""Danh Mục"":""Áo thun polo"",""Thương hiệu"":""POLOMANOR"",""Chất liệu"":""Vải CVC Diamond (Cotton phối)"",""Xuất xứ"":""Việt Nam"",""Phong cách"":""Sang trọng, Thanh lịch"",""Mẫu"":""Trơn / Hiệu ứng dệt kim cương"",""Mùa"":""Bốn mùa"",""Tính năng"":""Thoáng khí, Thấm hút tốt, Giữ form, Chống nhăn"",""Hoàn cảnh"":""Đi làm, Đi chơi, Đi tiệc, Chúc Tết"",""Chiều dài tay áo"":""Ngắn tay"",""Kiểu cổ áo"":""Cổ bẻ (Cổ Polo)"",""Kiểu nút"":""Nút cài"",""Kiểu áo thun"":""Regular fit""}",https://shopee.vn/-T%E1%BA%BET-2026-%C3%81o-polo-nam-cao-c%E1%BA%A5p-BASIC-DIAMOND-POLO-QU%E1%BB%90C-D%C3%82N-v%E1%BA%A3i-CVC-Diamond-sang-tr%E1%BB%8Dng-POLOMANOR-i.225909574.18331441855?extraParams=%7B%22display_model_id%22%3A148971085987%2C%22model_selection_logic%22%3A3%7D,285.000đ
Áo polo nam TRAVIS vải Cotton CVC Diamond cao cấp thanh lịch,Áo thun ,POLOMANOR,"{""Danh Mục"":""Áo thun polo"",""Thương hiệu"":""POLOMANOR"",""Chất liệu"":""Vải Cotton CVC Diamond"",""Xuất xứ"":""Việt Nam"",""Phong cách"":""Thanh lịch, Sang trọng"",""Mẫu"":""Trơn / Hiệu ứng dệt kim cương"",""Mùa"":""Bốn mùa"",""Tính năng"":""Thoáng khí, Thấm hút tốt, Chống nhăn, Giữ form"",""Hoàn cảnh"":""Đi làm, Sự kiện, Đi chơi, Đi tiệc"",""Chiều dài tay áo"":""Ngắn tay"",""Kiểu cổ áo"":""Cổ bẻ (Cổ Polo)"",""Kiểu nút"":""Nút cài"",""Kiểu áo thun"":""Regular fit""}",https://shopee.vn/%C3%81o-polo-nam-TRAVIS-v%E1%BA%A3i-Cotton-CVC-Diamond-cao-c%E1%BA%A5p-nam-t%C3%ADnh-thanh-l%E1%BB%8Bch-sang-tr%E1%BB%8Dng-POLOMANOR-i.225909574.22475069952?extraParams=%7B%22display_model_id%22%3A235459541932%2C%22model_selection_logic%22%3A3%7D,400.000đ
Áo polo nam VIGO cổ V tinh tế vải Cá Sấu Cotton JBAGY JP0102,Áo thun ,JBAGY,"{""Danh Mục"":""Áo thun polo"",""Thương hiệu"":""JBAGY"",""Chất liệu"":""Vải Cá Sấu Cotton"",""Xuất xứ"":""Việt Nam"",""Phong cách"":""Thanh lịch, Hiện đại"",""Mẫu"":""Trơn"",""Mùa"":""Mùa hè"",""Tính năng"":""Thoáng khí, Thấm hút tốt, Co giãn"",""Hoàn cảnh"":""Hằng ngày, Đi làm, Dạo phố"",""Chiều dài tay áo"":""Ngắn tay"",""Kiểu cổ áo"":""Cổ V, Cổ bẻ"",""Kiểu áo thun"":""Regular fit""}",https://shopee.vn/product/259681663/14082938402,178.000 đ
Áo thun polo nam có cổ cao cấp vải CVC 2025 form đẹp lịch lãm AV AVANCO,Áo thun ,AVANCOMAN,"{""Danh Mục"":""Áo thun polo"",""Thương hiệu"":""AVANCOMAN"",""Chất liệu"":""Vải CVC"",""Xuất xứ"":""Việt Nam"",""Phong cách"":""Lịch lãm, Hiện đại"",""Mẫu"":""Trơn"",""Mùa"":""Mùa hè"",""Tính năng"":""Thoáng mát, Thấm hút tốt, Giữ form tốt"",""Hoàn cảnh"":""Đi làm, Dạo phố, Sự kiện"",""Chiều dài tay áo"":""Ngắn tay"",""Kiểu cổ áo"":""Cổ bẻ / Cổ polo"",""Kiểu áo thun"":""Slim fit""}",https://shopee.vn/%C3%81o-thun-polo-nam-c%C3%B3-c%E1%BB%95-%C4%91%E1%BA%B9p-cao-c%E1%BA%A5p-v%E1%BA%A3i-CVC-2025-form-%C4%91%E1%BA%B9p-l%E1%BB%8Bch-l%C3%A3m-tho%C3%A1ng-m%C3%A1t-m%E1%BA%ABu-m%E1%BB%9Bi-AV-AVANCO-i.198069764.6034591704?extraParams=%7B%22display_model_id%22%3A96712722006%2C%22model_selection_logic%22%3A3%7D,129.000 đ
"Áo Polo Dệt Kim Knit Cao Cấp SUKIYA Chất Sợi Cotton Mềm Mát, Thấm Hút Mồ Hôi Kiểu Dáng Thanh Lịch AL108",Áo thun ,SUKIYA,"{""Danh Mục"":""Áo thun polo"",""Thương hiệu"":""SUKIYA"",""Chất liệu"":""Sợi Cotton dệt kim (Knit)"",""Xuất xứ"":""Việt Nam"",""Phong cách"":""Thanh lịch, Hàn Quốc, Công sở"",""Mẫu"":""Trơn / Dệt kim"",""Mùa"":""Mùa hè, Bốn mùa"",""Tính năng"":""Thấm hút mồ hôi, Mềm mát, Co giãn tốt, Đứng form"",""Hoàn cảnh"":""Đi làm, Đi chơi, Hẹn hò, Hằng ngày"",""Chiều dài tay áo"":""Tay ngắn"",""Kiểu cổ áo"":""Cổ Polo""}",https://shopee.vn/product/38038824/27081531645?seoName=%C3%81o%20Polo%20D%E1%BB%87t%20Kim%20Knit%20Cao%20C%E1%BA%A5p%20SUKIYA%20Ch%E1%BA%A5t%20S%E1%BB%A3i%20Cotton%20M%E1%BB%81m%20M%C3%A1t%2C%20Th%E1%BA%A5m%20H%C3%BAt%20M%E1%BB%93%20H%C3%B4i%20Ki%E1%BB%83u%20D%C3%A1ng%20Thanh%20L%E1%BB%8Bch%20AL108,267.000đ
Áo Polo Nam TORANO thoáng khí thoải mái vải cotton trơn BASIC Nam Tính Sang Trọng Thanh Lịch ESTP038,Áo thun,TORANO,"{""Danh Mục"":""Áo thun polo"",""Thương hiệu"":""TORANO"",""Chất liệu"":""Cotton thoáng khí"",""Xuất xứ"":""Việt Nam"",""Phong cách"":""Thanh lịch, Sang trọng, Nam tính"",""Mẫu"":""Trơn (Basic)"",""Mùa"":""Mùa hè, Bốn mùa"",""Tính năng"":""Thoáng khí, Thấm hút mồ hôi, Co giãn tốt, Bền màu"",""Hoàn cảnh"":""Đi làm, Công sở, Đi chơi, Dạo phố, Cafe"",""Chiều dài tay áo"":""Tay ngắn"",""Kiểu cổ áo"":""Cổ bẻ (Polo neck)"",""Kiểu nút"":""2-3 cúc cài cổ""}",https://shopee.vn/%C3%81o-Polo-Nam-TORANO-tho%C3%A1ng-kh%C3%AD-tho%E1%BA%A3i-m%C3%A1i-v%E1%BA%A3i-cotton-tr%C6%A1n-BASIC-Nam-T%C3%ADnh-Sang-Tr%E1%BB%8Dng-Thanh-L%E1%BB%8Bch-ESTP038-i.835435.6796462253?extraParams=%7B%22display_model_id%22%3A29294682029%2C%22model_selection_logic%22%3A3%7D&sp_atk=9706e66a-a158-44f5-bead-f132aa6c9ff5&xptdk=9706e66a-a158-44f5-bead-f132aa6c9ff5,219.000đ
Áo Thun Polo Nam GUZADO Thể Thao Vải Mát Cổ Bẻ Kháng Khuẩn Thoáng Khí GZ101,Áo thun,GUZADO,"{""Danh Mục"":""Áo thun polo"",""Thương hiệu"":""GUZADO"",""Chất liệu"":""Poly Spandex"",""Xuất xứ"":""Việt Nam"",""Phong cách"":""Thể thao, Năng động"",""Mẫu"":""Trơn"",""Mùa"":""Mùa hè"",""Tính năng"":""Làm mát, kháng khuẩn, nhanh khô"",""Hoàn cảnh"":""Đánh Golf, Quần vợt, Mặc hàng ngày"",""Chiều dài tay áo"":""Ngắn tay"",""Kiểu cổ áo"":""Cổ bẻ"",""Kiểu áo thun"":""Regular Fit""}",null,189.000 đ
Áo thun polo nam GUZADO vải cá sấu dệt kim cao cấp trơn basic dáng ôm vừa thanh lịch mặc đi làm công sở,Áo thun,GUZADO,"{""Danh Mục"":""Áo thun polo"",""Thương hiệu"":""GUZADO"",""Chất liệu"":""Cotton cá sấu (Pique)"",""Xuất xứ"":""Việt Nam"",""Phong cách"":""Công sở, Thanh lịch"",""Mẫu"":""Trơn dệt kim"",""Mùa"":""Bốn mùa"",""Tính năng"":""Đứng form, không xù lông"",""Hoàn cảnh"":""Đi làm, Gặp đối tác, Sự kiện"",""Chiều dài tay áo"":""Ngắn tay"",""Kiểu cổ áo"":""Cổ bẻ"",""Kiểu áo thun"":""Slim Fit""}",null,210.000 đ
Áo Polo Nam TORANO Phối Viền Kẻ Smart Casual Pique Polo Shirt Form Regular Fit T050,Áo thun,TORANO,"{""Danh Mục"":""Áo thun polo"",""Thương hiệu"":""TORANO"",""Chất liệu"":""Cá sấu Cotton 100%"",""Xuất xứ"":""Việt Nam"",""Phong cách"":""Smart Casual"",""Mẫu"":""Phối viền cổ và tay"",""Mùa"":""Bốn mùa"",""Tính năng"":""Mềm mịn, thấm hút tốt"",""Hoàn cảnh"":""Đi dạo, Đi làm, Hẹn hò"",""Chiều dài tay áo"":""Ngắn tay"",""Kiểu cổ áo"":""Cổ bẻ"",""Kiểu áo thun"":""Regular Fit""}",null,250.000 đ
Áo Thun Polo Nam TORANO Họa Tiết Kẻ Ngang Chất Liệu Cotton Mềm Mịn Chống Nhăn TRN22,Áo thun,TORANO,"{""Danh Mục"":""Áo thun polo"",""Thương hiệu"":""TORANO"",""Chất liệu"":""Cotton pha Spandex"",""Xuất xứ"":""Việt Nam"",""Phong cách"":""Trẻ trung, Hiện đại"",""Mẫu"":""Kẻ ngang"",""Mùa"":""Mùa hè"",""Tính năng"":""Chống nhăn, co giãn 4 chiều"",""Hoàn cảnh"":""Đi chơi, Du lịch"",""Chiều dài tay áo"":""Ngắn tay"",""Kiểu cổ áo"":""Cổ bẻ"",""Kiểu áo thun"":""Regular Fit""}",null,240.000 đ
Áo polo nam POLOMAN chất cotton gai thoáng mát cổ bẻ phối màu trẻ trung form suông thoải mái đi chơi dạo phố,Áo thun,POLOMAN,"{""Danh Mục"":""Áo thun polo"",""Thương hiệu"":""POLOMAN"",""Chất liệu"":""Cotton gai"",""Xuất xứ"":""Việt Nam"",""Phong cách"":""Đường phố, Casual"",""Mẫu"":""Phối màu (Color block)"",""Mùa"":""Mùa hè"",""Tính năng"":""Thoáng khí, bền màu"",""Hoàn cảnh"":""Dạo phố, Cafe cùng bạn bè"",""Chiều dài tay áo"":""Ngắn tay"",""Kiểu cổ áo"":""Cổ bẻ"",""Kiểu áo thun"":""Form suông""}",null,199.000 đ
Áo Thun Polo Nam POLOMAN Khóa Kéo Zip-up Polo Shirt Premium Quality Streetstyle Unisex PLM09,Áo thun,POLOMAN,"{""Danh Mục"":""Áo thun polo"",""Thương hiệu"":""POLOMAN"",""Chất liệu"":""Len dệt kim cao cấp"",""Xuất xứ"":""Việt Nam"",""Phong cách"":""Minimalist, Unisex"",""Mẫu"":""Trơn khóa kéo zip"",""Mùa"":""Thu Đông"",""Tính năng"":""Giữ ấm nhẹ, thời thượng"",""Hoàn cảnh"":""Tiệc nhẹ, Sự kiện thời trang"",""Chiều dài tay áo"":""Ngắn tay"",""Kiểu cổ áo"":""Cổ bẻ có khóa kéo"",""Kiểu áo thun"":""Oversize""}",null,280.000 đ
Áo Thun Polo Nam ARISTINO Sợi Tre Bamboo Kháng Khuẩn Sang Trọng Form Mặc Tôn Dáng APS01,Áo thun,ARISTINO,"{""Danh Mục"":""Áo thun polo"",""Thương hiệu"":""ARISTINO"",""Chất liệu"":""Sợi tre Bamboo"",""Xuất xứ"":""Việt Nam"",""Phong cách"":""Sang trọng, Đẳng cấp"",""Mẫu"":""Trơn"",""Mùa"":""Bốn mùa"",""Tính năng"":""Khử mùi, chống tia UV, siêu mát"",""Hoàn cảnh"":""Công sở cao cấp, Gặp khách hàng vip"",""Chiều dài tay áo"":""Ngắn tay"",""Kiểu cổ áo"":""Cổ bẻ cứng cáp"",""Kiểu áo thun"":""Slim Fit""}",null,450.000 đ
Áo thun polo nam ARISTINO trung niên vải mát thấm hút mồ hôi họa tiết in chìm sang trọng lịch lãm dự tiệc,Áo thun,ARISTINO,"{""Danh Mục"":""Áo thun polo"",""Thương hiệu"":""ARISTINO"",""Chất liệu"":""Cotton lụa"",""Xuất xứ"":""Việt Nam"",""Phong cách"":""Lịch lãm, Trung niên"",""Mẫu"":""Họa tiết in chìm tinh tế"",""Mùa"":""Bốn mùa"",""Tính năng"":""Mềm mại, chống nhăn hiệu quả"",""Hoàn cảnh"":""Dự tiệc, Sự kiện quan trọng"",""Chiều dài tay áo"":""Ngắn tay"",""Kiểu cổ áo"":""Cổ bẻ"",""Kiểu áo thun"":""Regular Fit"",""Rất lớn"":""Có (Đến 3XL)""}",null,420.000 đ
Áo Phông Có Cổ OWEN Basic Plain Polo Cổ Bẻ Tối Giản Vải Lạnh Smart Wear OW88,Áo thun,OWEN,"{""Danh Mục"":""Áo thun polo"",""Thương hiệu"":""OWEN"",""Chất liệu"":""Vải thun lạnh (Coolmax)"",""Xuất xứ"":""Việt Nam"",""Phong cách"":""Tối giản, Tiện ích"",""Mẫu"":""Trơn Basic"",""Mùa"":""Mùa hè"",""Tính năng"":""Thoát nhiệt, nhanh khô, siêu nhẹ"",""Hoàn cảnh"":""Đi làm, Mặc hàng ngày"",""Chiều dài tay áo"":""Ngắn tay"",""Kiểu cổ áo"":""Cổ bẻ"",""Kiểu áo thun"":""Regular Fit""}",null,380.000 đ
Áo Thun Polo Nam OWEN Thể Thao Thoát Nhiệt Vải Poly Spandex Phối Lưới Trẻ Trung OWP99,Áo thun,OWEN,"{""Danh Mục"":""Áo thun polo"",""Thương hiệu"":""OWEN"",""Chất liệu"":""Poly Spandex phối lưới"",""Xuất xứ"":""Việt Nam"",""Phong cách"":""Thể thao, Năng động"",""Mẫu"":""Phối dải lưới thoát khí"",""Mùa"":""Mùa hè"",""Tính năng"":""Co giãn tối đa, thoát mồ hôi cực tốt"",""Hoàn cảnh"":""Đánh cầu lông, Tennis, Chạy bộ"",""Chiều dài tay áo"":""Ngắn tay"",""Kiểu cổ áo"":""Cổ bẻ"",""Kiểu áo thun"":""Athletic Fit""}",null,350.000 đ
Áo thun polo nam Routine cổ bẻ vải cotton cá sấu thoáng mát thấm hút mồ hôi form vừa vặn mặc đi làm đi chơi,Áo thun,Routine,"{""Danh Mục"":""Áo thun polo"",""Thương hiệu"":""Routine"",""Chất liệu"":""Cotton cá sấu (Pique)"",""Xuất xứ"":""Việt Nam"",""Phong cách"":""Công sở, Thường ngày"",""Mẫu"":""Trơn"",""Mùa"":""Mùa hè"",""Tính năng"":""Thoáng khí, thấm hút mồ hôi"",""Hoàn cảnh"":""Đi làm, Dạo phố"",""Chiều dài tay áo"":""Ngắn tay"",""Kiểu cổ áo"":""Cổ bẻ"",""Kiểu áo thun"":""Regular Fit""}",null,280.000 đ
Áo Thun Polo Nam Routine Phối Viền Cổ Trẻ Trung Vải Spandex Co Giãn RT-PL02,Áo thun,Routine,"{""Danh Mục"":""Áo thun polo"",""Thương hiệu"":""Routine"",""Chất liệu"":""Cotton pha Spandex"",""Xuất xứ"":""Việt Nam"",""Phong cách"":""Trẻ trung, Hiện đại"",""Mẫu"":""Phối viền cổ và tay"",""Mùa"":""Bốn mùa"",""Tính năng"":""Co giãn tốt, giữ form"",""Hoàn cảnh"":""Hẹn hò, Cafe"",""Chiều dài tay áo"":""Ngắn tay"",""Kiểu cổ áo"":""Cổ bẻ"",""Kiểu áo thun"":""Slimfit""}",null,250.000 đ
Áo Polo Adidas Club Tennis Polo Shirt Thể Thao Năng Động Form Chuẩn AD-PL01,Áo thun,Adidas,"{""Danh Mục"":""Áo thun polo"",""Thương hiệu"":""Adidas"",""Chất liệu"":""Polyester tái chế (AEROREADY)"",""Xuất xứ"":""Việt Nam"",""Phong cách"":""Thể thao, Năng động"",""Mẫu"":""Trơn in logo ngực trái"",""Mùa"":""Mùa hè"",""Tính năng"":""Làm mát, khô nhanh"",""Hoàn cảnh"":""Đánh Tennis, Chơi Golf, Tập luyện"",""Chiều dài tay áo"":""Ngắn tay"",""Kiểu cổ áo"":""Cổ bẻ 2 nút"",""Kiểu áo thun"":""Athletic Fit""}",null,850.000 đ
Áo thun polo thể thao nam Adidas 3 sọc dọc vai chuyên dụng đánh golf vải siêu nhẹ kháng khuẩn,Áo thun,Adidas,"{""Danh Mục"":""Áo thun polo"",""Thương hiệu"":""Adidas"",""Chất liệu"":""Sợi Poly tổng hợp cao cấp"",""Xuất xứ"":""Việt Nam"",""Phong cách"":""Thể thao chuyên nghiệp"",""Mẫu"":""3 sọc đặc trưng ở vai"",""Mùa"":""Bốn mùa"",""Tính năng"":""Kháng khuẩn, siêu nhẹ, chống tia UV"",""Hoàn cảnh"":""Chơi Golf, Sự kiện thể thao"",""Chiều dài tay áo"":""Ngắn tay"",""Kiểu cổ áo"":""Cổ bẻ giấu cúc"",""Kiểu áo thun"":""Regular Fit""}",null,1.150.000 đ
Áo thun thể thao nam tập Gym Cotton Oversize Comfort Washed Coolmate,Áo thun ,Coolmate,"{""Danh Mục"":""Áo thun thể thao"",""Thương hiệu"":""Coolmate"",""Chất liệu"":""95% Cotton, 5% Spandex"",""Xuất xứ"":""Việt Nam"",""Phong cách"":""Thể thao, Năng động"",""Mẫu"":""Trơn / Hiệu ứng Washed"",""Mùa"":""Bốn mùa"",""Tính năng"":""Thấm hút tốt, Thoáng mát, Co giãn 4 chiều, Mềm mại"",""Hoàn cảnh"":""Tập Gym, Chạy bộ, Mặc hàng ngày, Đi chơi"",""Chiều dài tay áo"":""Ngắn tay"",""Kiểu cổ áo"":""Cổ tròn"",""Kiểu áo thun"":""Oversize""}",https://shopee.vn/%C3%81o-thun-th%E1%BB%83-thao-nam-t%E1%BA%ADp-Gym-Cotton-Oversize-Comfort-Washed-th%E1%BA%A5m-h%C3%BAt-tho%C3%A1ng-m%C3%A1t-co-gi%C3%A3n-Coolmate-i.24710134.40901369742,270.000đ
"Áo thun thể thao nam ProMax S1 Coolmate thoáng khí, thấm hút tốt",Áo thun ,Coolmate,"{""Danh Mục"":""Áo thun thể thao"",""Thương hiệu"":""Coolmate"",""Chất liệu"":""100% Polyester"",""Xuất xứ"":""Việt Nam"",""Phong cách"":""Thể thao"",""Mẫu"":""Trơn"",""Mùa"":""Bốn mùa"",""Tính năng"":""Thoáng khí, Thấm hút tốt, Nhanh khô"",""Hoàn cảnh"":""Tập Gym, Chạy bộ, Pickleball, Tennis"",""Chiều dài tay áo"":""Ngắn tay"",""Kiểu cổ áo"":""Cổ tròn"",""Kiểu áo thun"":""Regular fit""}",https://shopee.vn/%C3%81O-THUN-th%E1%BB%83-thao-nam-ProMax-S1-%C3%A1o-t%E1%BA%ADp-Gym-ch%E1%BA%A1y-b%E1%BB%99-Pickleball-Tennis-tho%C3%A1ng-kh%C3%AD-th%E1%BA%A5m-h%C3%BAt-t%E1%BB%91t-Coolmate-i.24710134.14879912587?extraParams=%7B%22display_model_id%22%3A48714175571%2C%22model_selection_logic%22%3A3%7D,160.000đ
Áo thể thao nam Guzado Vải Coolmax dệt lỗ kim thoáng khí mau khô GTS04,Áo thun ,GUZADO,"{""Danh Mục"":""Áo thun thể thao"",""Thương hiệu"":""GUZADO"",""Chất liệu"":""Vải Coolmax dệt lỗ kim"",""Xuất xứ"":""Việt Nam"",""Phong cách"":""Thể thao"",""Mẫu"":""Trơn"",""Mùa"":""Mùa hè"",""Tính năng"":""Thoáng khí, Mau khô, Co giãn"",""Hoàn cảnh"":""Chạy bộ, Gym, Thể thao"",""Chiều dài tay áo"":""Ngắn tay"",""Kiểu cổ áo"":""Cổ tròn"",""Kiểu áo thun"":""Slim fit""}",https://shopee.vn/product/201774917/15165601749,139.000đ
Áo Bóng Chày Teelab Kẻ Sọc Jersey Striped Shirt Form Rộng Local Brand Unisex SS080,Áo thun ,Teelab,"{""Danh Mục"":""Áo thun thể thao"",""Thương hiệu"":""Teelab"",""Chất liệu"":""Vải Jersey thoáng mát"",""Xuất xứ"":""Việt Nam"",""Phong cách"":""Streetwear, Thể thao, Năng động, Unisex"",""Mẫu"":""Kẻ sọc (Striped)"",""Mùa"":""Mùa hè, Bốn mùa"",""Tính năng"":""Form rộng (Oversize), Mềm mát, Thấm hút mồ hôi, Đứng form"",""Hoàn cảnh"":""Đi chơi, Dạo phố, Thể thao, Hằng ngày"",""Chiều dài tay áo"":""Tay lỡ"",""Kiểu cổ áo"":""Cổ chữ V (V-neck)"",""Kiểu nút"":""Nút cài trước""}",https://shopee.vn/%C3%81o-B%C3%B3ng-Ch%C3%A0y-Teelab-K%E1%BA%BB-S%E1%BB%8Dc-Jersey-Striped-Shirt-Form-R%E1%BB%99ng-Local-Brand-Unisex-SS080-i.308542026.43903150094?extraParams=%7B%22display_model_id%22%3A260261083064%2C%22model_selection_logic%22%3A3%7D&sp_atk=59cab897-39b2-48dd-9a87-9ad93f208217&xptdk=59cab897-39b2-48dd-9a87-9ad93f208217,390.000đ
Áo Jersey Teelab Athletics No.07 Vải Thể Thao Thoáng Mát Form Oversize Local Brand Unisex TS347,Áo thun,Teelab,"{""Danh Mục"":""Áo thun thể thao"",""Thương hiệu"":""Teelab"",""Chất liệu"":""Vải thể thao thoáng mát (Jersey)"",""Xuất xứ"":""Việt Nam"",""Phong cách"":""Streetwear, Thể thao, Năng động, Unisex"",""Mẫu"":""In số No.07 / Thể thao"",""Mùa"":""Mùa hè, Bốn mùa"",""Tính năng"":""Form Oversize rộng rãi, Mềm mát, Thấm hút mồ hôi, Khô nhanh"",""Hoàn cảnh"":""Đi chơi, Thể thao, Dạo phố, Hằng ngày"",""Chiều dài tay áo"":""Tay lỡ"",""Kiểu cổ áo"":""Cổ tròn""}",https://shopee.vn/%C3%81o-Jersey-Teelab-Athletics-No.07-V%E1%BA%A3i-Th%E1%BB%83-Thao-Tho%C3%A1ng-M%C3%A1t-Form-Oversize-Local-Brand-Unisex-TS347-i.308542026.44169406762?extraParams=%7B%22display_model_id%22%3A291589912705%2C%22model_selection_logic%22%3A3%7D&sp_atk=c34b5b3c-83f0-4f59-ba3c-be53d72434d0&xptdk=c34b5b3c-83f0-4f59-ba3c-be53d72434d0,250.000đ
Áo Thun Thể Thao Nam VIMAX Cao Cấp Vải Lạnh Siêu Mát VM01,Áo thun,VIMAX,"{""Danh Mục"":""Áo thun thể thao"",""Thương hiệu"":""VIMAX"",""Chất liệu"":""Thun lạnh (95% Poly, 5% Spandex)"",""Xuất xứ"":""Việt Nam"",""Phong cách"":""Thể thao, Năng động"",""Mẫu"":""Trơn"",""Mùa"":""Mùa hè"",""Tính năng"":""Thoáng khí, mát lạnh, co giãn 4 chiều"",""Hoàn cảnh"":""Tập Gym, Chạy bộ"",""Chiều dài tay áo"":""Ngắn tay"",""Kiểu cổ áo"":""Cổ tròn"",""Kiểu áo thun"":""Slimfit""}",null,149.000 đ
Áo Thun Thể Thao Nam VIMAX Chuyên Dụng Chạy Bộ Thấm Hút Tốt VM02,Áo thun,VIMAX,"{""Danh Mục"":""Áo thun thể thao"",""Thương hiệu"":""VIMAX"",""Chất liệu"":""Polyester"",""Xuất xứ"":""Việt Nam"",""Phong cách"":""Thể thao chuyên nghiệp"",""Mẫu"":""In Logo phản quang"",""Mùa"":""Mùa hè"",""Tính năng"":""Nhanh khô, thấm hút mồ hôi, phản quang"",""Hoàn cảnh"":""Chạy bộ, Đạp xe"",""Chiều dài tay áo"":""Ngắn tay"",""Kiểu cổ áo"":""Cổ tròn"",""Kiểu áo thun"":""Basic""}",null,159.000 đ
Áo Thun Thể Thao Nam VIMAX Sát Nách Vải Mesh Thoáng Khí VM03,Áo thun,VIMAX,"{""Danh Mục"":""Áo thun thể thao"",""Thương hiệu"":""VIMAX"",""Chất liệu"":""Vải Mesh lỗ kim"",""Xuất xứ"":""Việt Nam"",""Phong cách"":""Mạnh mẽ, Khỏe khoắn"",""Mẫu"":""Trơn"",""Mùa"":""Mùa hè"",""Tính năng"":""Siêu nhẹ, cực kì thoáng khí"",""Hoàn cảnh"":""Tập thể hình, Bóng rổ"",""Chiều dài tay áo"":""Sát nách (Tanktop)"",""Kiểu cổ áo"":""Cổ tròn rộng"",""Kiểu áo thun"":""Tanktop"",""Rất lớn"":""Có""}",null,129.000 đ
Áo Thun Thể Thao Nam VIMAX Dài Tay Chống Nắng Đạp Xe VM04,Áo thun,VIMAX,"{""Danh Mục"":""Áo thun thể thao"",""Thương hiệu"":""VIMAX"",""Chất liệu"":""Spandex chống UV"",""Xuất xứ"":""Việt Nam"",""Phong cách"":""Thể thao ngoài trời"",""Mẫu"":""Phối màu cánh tay"",""Mùa"":""Bốn mùa"",""Tính năng"":""Chống tia UV, bó cơ nhẹ"",""Hoàn cảnh"":""Đạp xe, Trekking, Chạy trail"",""Chiều dài tay áo"":""Dài tay"",""Kiểu cổ áo"":""Cổ tròn"",""Kiểu áo thun"":""Bodyfit""}",null,189.000 đ
Áo Thun Thể Thao Nam VIMAX Kháng Khuẩn Không Mùi Tôn Dáng VM05,Áo thun,VIMAX,"{""Danh Mục"":""Áo thun thể thao"",""Thương hiệu"":""VIMAX"",""Chất liệu"":""Cotton pha sợi tre"",""Xuất xứ"":""Việt Nam"",""Phong cách"":""Thể thao, Mặc hàng ngày"",""Mẫu"":""Trơn"",""Mùa"":""Bốn mùa"",""Tính năng"":""Kháng khuẩn, khử mùi tự nhiên, mềm mại"",""Hoàn cảnh"":""Tập Yoga, Mặc nhà, Dạo phố"",""Chiều dài tay áo"":""Ngắn tay"",""Kiểu cổ áo"":""Cổ chữ V"",""Kiểu áo thun"":""Regular Fit""}",null,175.000 đ
Áo Thun Thể Thao Nam VENI Phối Viền Cổ Tròn Năng Động VN006,Áo thun,VENI,"{""Danh Mục"":""Áo thun thể thao"",""Thương hiệu"":""VENI"",""Chất liệu"":""Thun mè"",""Xuất xứ"":""Việt Nam"",""Phong cách"":""Trẻ trung, Thể thao"",""Mẫu"":""Viền tay áo và cổ"",""Mùa"":""Mùa hè"",""Tính năng"":""Bền màu, không nhăn"",""Hoàn cảnh"":""Đá bóng, Cầu lông"",""Chiều dài tay áo"":""Ngắn tay"",""Kiểu cổ áo"":""Cổ tròn"",""Kiểu áo thun"":""Regular Fit""}",null,119.000 đ
Áo Thun Polo Thể Thao Nam VENI Thanh Lịch Thoát Mồ Hôi Cực Tốt VN007,Áo thun,VENI,"{""Danh Mục"":""Áo thun thể thao"",""Thương hiệu"":""VENI"",""Chất liệu"":""Cá sấu Poly"",""Xuất xứ"":""Việt Nam"",""Phong cách"":""Smart Casual, Thể thao"",""Mẫu"":""Trơn dệt kim"",""Mùa"":""Bốn mùa"",""Tính năng"":""Giữ form, chống nhăn, lịch sự"",""Hoàn cảnh"":""Chơi Golf, Quần vợt, Đi làm"",""Chiều dài tay áo"":""Ngắn tay"",""Kiểu cổ áo"":""Cổ bẻ (Polo)"",""Kiểu áo thun"":""Polo"",""Rất lớn"":""Có (đến 4XL)""}",null,210.000 đ
Áo Thun Thể Thao Nam VENI Oversize Rộng Rãi Mặc Hàng Ngày VN008,Áo thun,VENI,"{""Danh Mục"":""Áo thun thể thao"",""Thương hiệu"":""VENI"",""Chất liệu"":""Cotton 100% 2 chiều"",""Xuất xứ"":""Việt Nam"",""Phong cách"":""Streetwear, Thể thao đường phố"",""Mẫu"":""In chữ họa tiết lớn"",""Mùa"":""Bốn mùa"",""Tính năng"":""Thấm hút tuyệt đối, dày dặn"",""Hoàn cảnh"":""Trượt ván, Nhảy Hip-hop, Đi chơi"",""Chiều dài tay áo"":""Lửng (Tay lỡ)"",""Kiểu cổ áo"":""Cổ bo gân"",""Kiểu áo thun"":""Oversize""}",null,199.000 đ
Áo Thun Thể Thao Nam VENI Tập Gym Lỗ Thoáng Khí Chuyên Sâu VN009,Áo thun,VENI,"{""Danh Mục"":""Áo thun thể thao"",""Thương hiệu"":""VENI"",""Chất liệu"":""Poly pha Spandex mật độ cao"",""Xuất xứ"":""Việt Nam"",""Phong cách"":""Thể thao hạng nặng"",""Mẫu"":""Phối dải lưới"",""Mùa"":""Mùa hè"",""Tính năng"":""Chịu lực kéo giãn, cực thoáng"",""Hoàn cảnh"":""Tập tạ, Crossfit"",""Chiều dài tay áo"":""Ngắn tay"",""Kiểu cổ áo"":""Cổ khoét sâu"",""Kiểu áo thun"":""Muscle Fit""}",null,165.000 đ
Áo Thun Thể Thao Nam VENI Dập Nổi Họa Tiết 3D Sang Trọng VN010,Áo thun,VENI,"{""Danh Mục"":""Áo thun thể thao"",""Thương hiệu"":""VENI"",""Chất liệu"":""Vải thun gân"",""Xuất xứ"":""Việt Nam"",""Phong cách"":""Cao cấp, Khác biệt"",""Mẫu"":""Dập vân nổi 3D"",""Mùa"":""Thu Đông"",""Tính năng"":""Giữ ấm nhẹ, thời trang"",""Hoàn cảnh"":""Dạo phố, Cafe, Đi tập mùa lạnh"",""Chiều dài tay áo"":""Ngắn tay"",""Kiểu cổ áo"":""Cổ tròn"",""Kiểu áo thun"":""Slimfit""}",null,225.000 đ
Áo thun thể thao nam Coolmate chạy bộ siêu thoáng khí vải thun lạnh tản nhiệt cực nhanh mềm mại,Áo thun,Coolmate,"{""Danh Mục"":""Áo thun thể thao"",""Thương hiệu"":""Coolmate"",""Chất liệu"":""Thun lạnh"",""Xuất xứ"":""Việt Nam"",""Phong cách"":""Thể thao"",""Mẫu"":""Trơn"",""Mùa"":""Mùa hè"",""Tính năng"":""Thoáng khí, tản nhiệt nhanh"",""Hoàn cảnh"":""Chạy bộ, Đạp xe"",""Chiều dài tay áo"":""Ngắn tay"",""Kiểu cổ áo"":""Cổ tròn"",""Kiểu áo thun"":""Slimfit""}",null,149.000 đ
Áo Thun Thể Thao Nam Adidas Tập Gym Chuyên Dụng Sợi Poly Thấm Hút AD-TT01,Áo thun,Adidas,"{""Danh Mục"":""Áo thun thể thao"",""Thương hiệu"":""Adidas"",""Chất liệu"":""Polyester"",""Xuất xứ"":""Việt Nam"",""Phong cách"":""Thể thao chuyên nghiệp"",""Mẫu"":""In logo"",""Mùa"":""Bốn mùa"",""Tính năng"":""Thấm hút mồ hôi, co giãn"",""Hoàn cảnh"":""Tập Gym, Workout"",""Chiều dài tay áo"":""Ngắn tay"",""Kiểu cổ áo"":""Cổ tròn"",""Kiểu áo thun"":""Athletic Fit""}",null,450.000 đ
Áo Thun GUZADO Activewear Gym Shirt Vải Mesh Lưới Form Ôm Tôn Dáng Mặc Tập Luyện,Áo thun,GUZADO,"{""Danh Mục"":""Áo thun thể thao"",""Thương hiệu"":""GUZADO"",""Chất liệu"":""Spandex Mesh"",""Xuất xứ"":""Việt Nam"",""Phong cách"":""Activewear, Mạnh mẽ"",""Mẫu"":""Phối lưới tản nhiệt"",""Mùa"":""Mùa hè"",""Tính năng"":""Thoát nhiệt tối đa, tôn cơ bắp"",""Hoàn cảnh"":""Tập luyện cường độ cao"",""Chiều dài tay áo"":""Ngắn tay"",""Kiểu cổ áo"":""Cổ tròn"",""Kiểu áo thun"":""Muscle Fit""}",null,185.000 đ
Áo thun thể thao nam VIMAX đạp xe cộc tay chống tia UV co giãn 4 chiều kháng khuẩn không mùi,Áo thun,VIMAX,"{""Danh Mục"":""Áo thun thể thao"",""Thương hiệu"":""VIMAX"",""Chất liệu"":""Sợi tản nhiệt pha thun"",""Xuất xứ"":""Việt Nam"",""Phong cách"":""Thể thao ngoài trời"",""Mẫu"":""Trơn cơ bản"",""Mùa"":""Mùa hè"",""Tính năng"":""Chống tia UV, kháng khuẩn, khử mùi"",""Hoàn cảnh"":""Đạp xe, Trekking"",""Chiều dài tay áo"":""Ngắn tay"",""Kiểu cổ áo"":""Cổ chữ V"",""Kiểu áo thun"":""Regular Fit""}",null,160.000 đ
Áo Phông Thể Thao Nam TOKYOLIFE Làm Mát Nhanh Khô Vải Lạnh TL-SP05,Áo thun,TOKYOLIFE,"{""Danh Mục"":""Áo thun thể thao"",""Thương hiệu"":""TOKYOLIFE"",""Chất liệu"":""Vải làm mát công nghệ cao"",""Xuất xứ"":""Việt Nam"",""Phong cách"":""Tối giản, Năng động"",""Mẫu"":""Trơn"",""Mùa"":""Mùa hè"",""Tính năng"":""Làm mát tức thì, siêu nhẹ"",""Hoàn cảnh"":""Vận động nhẹ, Mặc hàng ngày"",""Chiều dài tay áo"":""Ngắn tay"",""Kiểu cổ áo"":""Cổ tròn"",""Kiểu áo thun"":""Regular Fit""}",null,199.000 đ
Áo Vest Nam 6 Cúc Vải Chéo 79 Cao Cấp ATRASTINO Bộ Comple Màu Đen 4 Lớp Có Đệm Vai Thanh Lịch VEST001,Áo Vest và Blazer,ATRASTINO,"{""Danh Mục"":""Áo vest"",""Thương hiệu"":""ATRASTINO"",""Chất liệu"":""Vải chéo 79 cao cấp (4 lớp)"",""Xuất xứ"":""Việt Nam"",""Phong cách"":""Lịch lãm, Sang trọng, Cổ điển (Classic)"",""Mẫu"":""Trơn / 6 cúc (Double-breasted)"",""Mùa"":""Bốn mùa"",""Tính năng"":""Có đệm vai tôn dáng, Đứng form, Lót trong cao cấp, Chống nhăn"",""Hoàn cảnh"":""Sự kiện, Tiệc cưới, Công sở, Gặp gỡ đối tác"",""Chiều dài tay áo"":""Tay dài"",""Kiểu cổ áo"":""Cổ Vest lật (Peak Lapel)"",""Kiểu nút"":""6 cúc cài chéo (Double-breasted)""}",https://shopee.vn/%C3%81o-Vest-Nam-6-C%C3%BAc-V%E1%BA%A3i-Ch%C3%A9o-79-Cao-C%E1%BA%A5p-ATRASTINO-B%E1%BB%99-Comple-M%C3%A0u-%C4%90en-4-L%E1%BB%9Bp-C%C3%B3-%C4%90%E1%BB%87m-Vai-Thanh-L%E1%BB%8Bch-VEST001-i.182478864.26463850102?extraParams=%7B%22display_model_id%22%3A176727610752%2C%22model_selection_logic%22%3A3%7D,650.000đ
Áo Gile vest Nam Atrastino Ve Sam 3 lớp vải Conton Ý Cao Cấp Lịch Sự Sang Trọng GILE001,Áo Vest và Blazer,ATRASTINO,"{""Danh Mục"":""Áo vest"",""Thương hiệu"":""Atrastino"",""Chất liệu"":""Cotton Ý cao cấp (3 lớp)"",""Xuất xứ"":""Việt Nam"",""Phong cách"":""Lịch lãm, Sang trọng, Cổ điển (Classic)"",""Mẫu"":""Trơn / Cổ Ve sam (Shawl Lapel)"",""Mùa"":""Bốn mùa"",""Tính năng"":""Đứng form ôm body, Lót lụa cao cấp, Dễ cử động"",""Hoàn cảnh"":""Sự kiện, Tiệc cưới, Công sở, Chú rể"",""Chiều dài tay áo"":""Không tay (Sleeveless)"",""Kiểu cổ áo"":""Cổ chữ V xẻ sâu / Ve sam"",""Kiểu nút"":""Nút cài trước (Single-breasted)""}",https://shopee.vn/atrastino,350.000đ
Áo khoác vest nam YODY áo 1 lớp đứng form hạn chế nhăn nhàu có túi trong TRA VEM7003,Áo Vest và Blazer,YODY,"{""Danh Mục"":""Áo vest"",""Thương hiệu"":""YODY"",""Chất liệu"":""Vải trượt mềm mại"",""Xuất xứ"":""Việt Nam"",""Phong cách"":""Thanh lịch, Công sở, Hiện đại"",""Mẫu"":""Trơn"",""Mùa"":""Mùa hè, Mùa thu"",""Tính năng"":""Thiết kế 1 lớp nhẹ nhàng, Đứng form, Hạn chế nhăn nhàu, Có túi trong tiện lợi"",""Hoàn cảnh"":""Đi làm, Công sở, Dạo phố, Gặp gỡ đối tác"",""Chiều dài tay áo"":""Tay dài"",""Kiểu cổ áo"":""Cổ Vest lật (Notch Lapel)"",""Kiểu nút"":""Nút cài trước""}",https://shopee.vn/yody.official,799.000đ
Áo vest nam CANIFA cổ vest dài tay hai cúc 8OT25W007,Áo Vest và Blazer,CANIFA,"{""Danh Mục"":""Áo vest"",""Thương hiệu"":""CANIFA"",""Chất liệu"":""Vải pha cao cấp"",""Xuất xứ"":""Việt Nam"",""Phong cách"":""Thanh lịch, Công sở, Tối giản"",""Mẫu"":""Trơn"",""Mùa"":""Mùa thu, Bốn mùa"",""Tính năng"":""Thiết kế 2 cúc cơ bản, Đứng form, Thoải mái vận động, Đường may tỉ mỉ"",""Hoàn cảnh"":""Đi làm, Công sở, Dự tiệc, Dạo phố"",""Chiều dài tay áo"":""Tay dài"",""Kiểu cổ áo"":""Cổ Vest lật (Notch Lapel)"",""Kiểu nút"":""2 cúc cài trước (Two-button)""}",https://shopee.vn/%C3%81o-kho%C3%A1c-blazer-nam-CANIFA-c%E1%BB%95-vest-d%C3%A0i-tay-hai-c%C3%BAc-8OT25W007-i.70681764.53251406020?extraParams=%7B%22display_model_id%22%3A425127934520%2C%22model_selection_logic%22%3A3%7D&sp_atk=a8adaa58-8ec3-4f72-8988-57628ad4ed4a&xptdk=a8adaa58-8ec3-4f72-8988-57628ad4ed4a,799.000đ
Áo vest nam CANIFA dài tay cổ vest sang trọng 8OT24W017,Áo Vest và Blazer,CANIFA,"{""Danh Mục"":""Áo vest"",""Thương hiệu"":""CANIFA"",""Chất liệu"":""Vải pha cao cấp mềm mịn"",""Xuất xứ"":""Việt Nam"",""Phong cách"":""Sang trọng, Lịch lãm, Công sở"",""Mẫu"":""Trơn"",""Mùa"":""Thu Đông, Bốn mùa"",""Tính năng"":""Sang trọng, Đứng form, Chống nhăn, Đường may may đo cao cấp"",""Hoàn cảnh"":""Sự kiện, Đi làm, Công sở, Dự tiệc"",""Chiều dài tay áo"":""Tay dài"",""Kiểu cổ áo"":""Cổ Vest lật (Notch Lapel)"",""Kiểu nút"":""Nút cài trước""}",https://shopee.vn/%C3%81o-kho%C3%A1c-blazer-nam-CANIFA-d%C3%A0i-tay-c%E1%BB%95-vest-sang-tr%E1%BB%8Dng-8OT24W017-i.70681764.26618153042?extraParams=%7B%22display_model_id%22%3A168550753209%2C%22model_selection_logic%22%3A3%7D&sp_atk=c2292cbb-f45b-4ebe-a738-0cff2cde577c&xptdk=c2292cbb-f45b-4ebe-a738-0cff2cde577c,899.000đ
Áo vest nam CANIFA cổ vest dài tay cài cúc 8OT25W001,Áo Vest và Blazer,CANIFA,"{""Danh Mục"":""Áo vest"",""Thương hiệu"":""CANIFA"",""Chất liệu"":""Vải pha cao cấp"",""Xuất xứ"":""Việt Nam"",""Phong cách"":""Thanh lịch, Trẻ trung, Công sở"",""Mẫu"":""Trơn"",""Mùa"":""Thu Đông, Mùa xuân"",""Tính năng"":""Đứng form, Cài cúc cơ bản, Thoải mái vận động, Giữ nếp tốt"",""Hoàn cảnh"":""Đi làm, Công sở, Dạo phố, Hẹn hò"",""Chiều dài tay áo"":""Tay dài"",""Kiểu cổ áo"":""Cổ Vest lật (Notch Lapel)"",""Kiểu nút"":""Nút cài trước""}",https://shopee.vn/%C3%81o-kho%C3%A1c-blazer-nam-CANIFA-c%E1%BB%95-vest-d%C3%A0i-tay-c%C3%A0i-c%C3%BAc-8OT25W001-i.70681764.51151607083?extraParams=%7B%22display_model_id%22%3A390146656526%2C%22model_selection_logic%22%3A3%7D&sp_atk=226c6585-6498-4a93-9bc8-a256bf458f43&xptdk=226c6585-6498-4a93-9bc8-a256bf458f43,849.000đ
Áo vest nam HEYMAN công sở cao cấp dáng ôm slimfit vải tuyết mưa mỏng nhẹ thanh lịch mặc đi làm sự kiện,Áo Vest và Blazer,HEYMAN,"{""Danh Mục"":""Áo vest"",""Thương hiệu"":""HEYMAN"",""Chất liệu"":""Tuyết mưa"",""Xuất xứ"":""Việt Nam"",""Phong cách"":""Công sở, Lịch lãm"",""Mẫu"":""Trơn"",""Mùa"":""Bốn mùa"",""Tính năng"":""Đứng form, không nhăn"",""Hoàn cảnh"":""Đi làm, Sự kiện"",""Chiều dài tay áo"":""Dài tay"",""Kiểu cổ áo"":""Cổ ve xuôi"",""Kiểu nút"":""1 nút""}",null,750.000 đ
Áo Vest Nam HEYMAN Dáng Regular Fit Công Sở Vải Dày Dặn Đứng Form Tôn Dáng HM-V01,Áo Vest và Blazer,HEYMAN,"{""Danh Mục"":""Áo vest"",""Thương hiệu"":""HEYMAN"",""Chất liệu"":""Polyester pha Spandex"",""Xuất xứ"":""Việt Nam"",""Phong cách"":""Hiện đại, Chuyên nghiệp"",""Mẫu"":""Kẻ chìm xước"",""Mùa"":""Mùa thu, Mùa đông"",""Tính năng"":""Mềm mại, co giãn nhẹ"",""Hoàn cảnh"":""Đi làm, Gặp đối tác"",""Chiều dài tay áo"":""Dài tay"",""Kiểu cổ áo"":""Cổ ve chữ V"",""Kiểu nút"":""2 nút""}",null,820.000 đ
Áo Vest ZUNE.ZX Darkwear Deconstructed Suit Jacket Form Rộng Cá Tính Phá Cách ZX-V09,Áo Vest và Blazer,ZUNE.ZX,"{""Danh Mục"":""Áo vest"",""Thương hiệu"":""ZUNE.ZX"",""Chất liệu"":""Kaki thô"",""Xuất xứ"":""Việt Nam"",""Phong cách"":""Darkwear, Gothic"",""Mẫu"":""Cắt xẻ (Deconstructed)"",""Mùa"":""Thu Đông"",""Tính năng"":""Phá cách, form cứng"",""Hoàn cảnh"":""Sự kiện thời trang, Chụp ảnh"",""Chiều dài tay áo"":""Dài tay"",""Kiểu cổ áo"":""Cổ bẻ gập"",""Kiểu nút"":""Nút bấm kim loại ẩn""}",null,1.150.000 đ
Áo vest nam ZUNE.ZX phong cách streetwear đường phố đính khuyên kim loại cực ngầu đi quẩy sự kiện,Áo Vest và Blazer,ZUNE.ZX,"{""Danh Mục"":""Áo vest"",""Thương hiệu"":""ZUNE.ZX"",""Chất liệu"":""Vải suit lót dù"",""Xuất xứ"":""Việt Nam"",""Phong cách"":""Streetwear, Bụi bặm"",""Mẫu"":""Đính phụ kiện kim loại"",""Mùa"":""Bốn mùa"",""Tính năng"":""Độc bản, cá tính mạnh"",""Hoàn cảnh"":""Đi bar, Trình diễn nghệ thuật"",""Chiều dài tay áo"":""Dài tay"",""Kiểu cổ áo"":""Cổ ve xếch"",""Kiểu nút"":""Khóa gài dây đai""}",null,1.250.000 đ
Áo Vest Nam DIRTYCOINS Monogram Pattern Suit Jacket Thời Trang Đường Phố Nổi Bật DC-V02,Áo Vest và Blazer,DIRTYCOINS,"{""Danh Mục"":""Áo vest"",""Thương hiệu"":""DIRTYCOINS"",""Chất liệu"":""Vải tây (Suiting)"",""Xuất xứ"":""Việt Nam"",""Phong cách"":""Trendy, Streetwear"",""Mẫu"":""In Monogram chìm toàn áo"",""Mùa"":""Bốn mùa"",""Tính năng"":""Nổi bật, giữ nếp tốt"",""Hoàn cảnh"":""Party, Đi chơi tiệc đêm"",""Chiều dài tay áo"":""Dài tay"",""Kiểu cổ áo"":""Cổ ve xuôi"",""Kiểu nút"":""1 nút""}",null,950.000 đ
Áo Vest DIRTYCOINS Y2K Streetwear Cropped Suit Jacket Dáng Ngắn Dễ Phối Đồ Nam Nữ Unisex DC-V05,Áo Vest và Blazer,DIRTYCOINS,"{""Danh Mục"":""Áo vest"",""Thương hiệu"":""DIRTYCOINS"",""Chất liệu"":""Kaki pha thun"",""Xuất xứ"":""Việt Nam"",""Phong cách"":""Y2K, Unisex"",""Mẫu"":""Trơn / Cropped (Dáng ngắn)"",""Mùa"":""Thu Đông"",""Tính năng"":""Hack dáng, thời thượng"",""Hoàn cảnh"":""Hẹn hò, Sự kiện giải trí"",""Chiều dài tay áo"":""Dài tay"",""Kiểu cổ áo"":""Cổ ve bản to"",""Kiểu nút"":""2 nút""}",null,890.000 đ
Áo vest nam YODY sợi sồi modal cao cấp siêu mềm mịn co giãn nhẹ chống nhăn tự nhiên mặc công sở tôn dáng,Áo Vest và Blazer,YODY,"{""Danh Mục"":""Áo vest"",""Thương hiệu"":""YODY"",""Chất liệu"":""Sợi sồi (Modal) pha"",""Xuất xứ"":""Việt Nam"",""Phong cách"":""Thanh lịch, Cơ bản"",""Mẫu"":""Trơn"",""Mùa"":""Bốn mùa"",""Tính năng"":""Siêu mềm, chống nhăn tự nhiên, thoáng mát"",""Hoàn cảnh"":""Đi làm, Giao tiếp hàng ngày"",""Chiều dài tay áo"":""Dài tay"",""Kiểu cổ áo"":""Cổ ve xuôi"",""Kiểu nút"":""2 nút""}",null,990.000 đ
Áo Vest Nam YODY Everyday Wear Vải Nano Kháng Khuẩn Mát Mẻ Trẻ Trung Lịch Sự YD-V08,Áo Vest và Blazer,YODY,"{""Danh Mục"":""Áo vest"",""Thương hiệu"":""YODY"",""Chất liệu"":""Vải Nano"",""Xuất xứ"":""Việt Nam"",""Phong cách"":""Hiện đại, Năng động"",""Mẫu"":""Trơn basic"",""Mùa"":""Mùa hè, Mùa thu"",""Tính năng"":""Kháng khuẩn, nhẹ, khô nhanh"",""Hoàn cảnh"":""Công sở, Tiệc cưới, Lễ hội"",""Chiều dài tay áo"":""Dài tay"",""Kiểu cổ áo"":""Cổ ve xếch"",""Kiểu nút"":""1 nút""}",null,1.100.000 đ
Áo vest nam ATRASTINO may đo chuẩn form vải wool lót lụa cao cấp sang trọng lịch lãm đẳng cấp dự tiệc cưới,Áo Vest và Blazer,ATRASTINO,"{""Danh Mục"":""Áo vest"",""Thương hiệu"":""ATRASTINO"",""Chất liệu"":""Wool (Len lông cừu) lót lụa"",""Xuất xứ"":""Việt Nam"",""Phong cách"":""Sang trọng, Đẳng cấp"",""Mẫu"":""Trơn cao cấp"",""Mùa"":""Thu Đông"",""Tính năng"":""Giữ form tuyệt đối, mặt vải mịn màng"",""Hoàn cảnh"":""Tiệc cưới, Gala, Gặp mặt Doanh nhân"",""Chiều dài tay áo"":""Dài tay"",""Kiểu cổ áo"":""Cổ ve xếch"",""Kiểu nút"":""2 nút""}",null,990.000 đ
Áo Vest ATRASTINO Premium Wool Pinstripe Suit Jacket Lịch Lãm Phong Cách Sartorial AT-V99,Áo Vest và Blazer,ATRASTINO,"{""Danh Mục"":""Áo vest"",""Thương hiệu"":""ATRASTINO"",""Chất liệu"":""Polyester pha Wool"",""Xuất xứ"":""Việt Nam"",""Phong cách"":""Cổ điển, Sartorial"",""Mẫu"":""Kẻ sọc (Pinstripe)"",""Mùa"":""Bốn mùa"",""Tính năng"":""Tôn dáng, cứng cáp"",""Hoàn cảnh"":""Hội nghị, Gặp khách hàng VIP"",""Chiều dài tay áo"":""Dài tay"",""Kiểu cổ áo"":""Cổ ve xuôi bản to"",""Kiểu nút"":""6 nút (Double breasted - Cúc bọc)""}",null,900.000 đ
Áo vest nam VENI dáng ôm body cao cấp vải tuyết mưa đứng form tôn dáng lịch lãm dự tiệc cưới,Áo Vest và Blazer,VENI,"{""Danh Mục"":""Áo vest"",""Thương hiệu"":""VENI"",""Chất liệu"":""Tuyết mưa"",""Xuất xứ"":""Việt Nam"",""Phong cách"":""Sang trọng, Lịch lãm"",""Mẫu"":""Trơn"",""Mùa"":""Bốn mùa"",""Tính năng"":""Chống nhăn, tôn dáng body"",""Hoàn cảnh"":""Tiệc cưới, Sự kiện quan trọng"",""Chiều dài tay áo"":""Dài tay"",""Kiểu cổ áo"":""Cổ ve xuôi"",""Kiểu nút"":""1 nút""}",null,750.000 đ
Áo Vest Nam VENI Premium Suit Jacket Công Sở Thanh Lịch Vải Co Giãn Nhẹ VN-V01,Áo Vest và Blazer,VENI,"{""Danh Mục"":""Áo vest"",""Thương hiệu"":""VENI"",""Chất liệu"":""Polyester pha Spandex"",""Xuất xứ"":""Việt Nam"",""Phong cách"":""Công sở, Hiện đại"",""Mẫu"":""Trơn basic"",""Mùa"":""Bốn mùa"",""Tính năng"":""Đứng form, dễ ủi, co giãn nhẹ"",""Hoàn cảnh"":""Đi làm, Gặp khách hàng"",""Chiều dài tay áo"":""Dài tay"",""Kiểu cổ áo"":""Cổ ve xếch"",""Kiểu nút"":""2 nút""}",null,820.000 đ
Áo Vest VIMAX Tailored Suit Jacket Form Chuẩn Sartorial Dành Cho Nam VM-SJ99,Áo Vest và Blazer,VIMAX,"{""Danh Mục"":""Áo vest"",""Thương hiệu"":""VIMAX"",""Chất liệu"":""Wool (Len lông cừu) pha"",""Xuất xứ"":""Việt Nam"",""Phong cách"":""Sartorial, Cổ điển"",""Mẫu"":""Kẻ sọc chìm (Pinstripe)"",""Mùa"":""Thu Đông"",""Tính năng"":""Giữ form tuyệt đối, đẳng cấp"",""Hoàn cảnh"":""Sự kiện VIP, Gala, Lễ hội"",""Chiều dài tay áo"":""Dài tay"",""Kiểu cổ áo"":""Cổ ve xuôi bản to"",""Kiểu nút"":""6 nút (Double breasted)""}",null,1.850.000 đ
Áo vest nam công sở VIMAX vải tây cao cấp sang trọng đứng dáng thanh lịch chuyên nghiệp,Áo Vest và Blazer,VIMAX,"{""Danh Mục"":""Áo vest"",""Thương hiệu"":""VIMAX"",""Chất liệu"":""Vải Tây (Suiting) cao cấp"",""Xuất xứ"":""Việt Nam"",""Phong cách"":""Thanh lịch, Chuyên nghiệp"",""Mẫu"":""Trơn nhẵn"",""Mùa"":""Bốn mùa"",""Tính năng"":""Mặt vải mịn, thấm hút tốt"",""Hoàn cảnh"":""Giao tiếp, Họp mặt đối tác"",""Chiều dài tay áo"":""Dài tay"",""Kiểu cổ áo"":""Cổ ve xuôi"",""Kiểu nút"":""2 nút""}",null,950.000 đ
Quần Âu Nam GUZADO Cao Cấp Vải Gió Thể Thao Co Giãn Tốt GDC03,Quần âu,GUZADO,"{""Danh Mục"":""Quần âu"",""Thương hiệu"":""GUZADO"",""Chất liệu"":""Vải gió thể thao"",""Xuất xứ"":""Việt Nam"",""Phong cách"":""Công sở, Thể thao, Cơ bản"",""Mẫu"":""Trơn"",""Mùa"":""Bốn mùa"",""Tính năng"":""Co giãn tốt, Chống nước nhẹ, Chống gió, Thoáng khí"",""Hoàn cảnh"":""Đi làm, Dạo phố, Dự tiệc, Du lịch"",""Chiều dài quần"":""Quần dài"",""Kiểu nút"":""Cạp cúc linh hoạt"",""Kiểu quần"":""Ống suông, Regular fit""}",https://shopee.vn/product/201774917/28511041646,259000đ
Quần Âu Công Sở GUZADO Form Carrot Vải Mềm Mịn MTR01C,Quần âu,GUZADO,"{""Danh Mục"":""Quần âu"",""Thương hiệu"":""GUZADO"",""Chất liệu"":""Vải mềm mịn, co giãn nhẹ"",""Xuất xứ"":""Việt Nam"",""Phong cách"":""Công sở, Lịch lãm"",""Mẫu"":""Trơn"",""Mùa"":""Bốn mùa"",""Tính năng"":""Co giãn nhẹ, Lên form chuẩn"",""Hoàn cảnh"":""Đi làm, Dự tiệc, Sự kiện"",""Chiều dài quần"":""Quần dài"",""Kiểu quần"":""Form Carrot""}",https://shopee.vn/Qu%E1%BA%A7n-%C3%82u-C%C3%B4ng-S%E1%BB%9F-GUZADO-Form-Carrot-V%E1%BA%A3i-M%E1%BB%81m-M%E1%BB%8Bn-Co-Gi%C3%A3n-Nh%E1%BA%B9-L%C3%AAn-Form-%C4%90%E1%BA%B9p-Chu%E1%BA%A9n-Men-MTR01C-i.201774917.40357253163?extraParams=%7B%22display_model_id%22%3A260615525157%2C%22model_selection_logic%22%3A3%7D&sp_atk=4cbed524-44d3-408f-b4ed-e2785d403650&xptdk=4cbed524-44d3-408f-b4ed-e2785d403650,400.000đ
Quần âu nam JBAGY - Smart Pants điều chỉnh cạp vải Vitex JA0303,Quần âu,JBAGY,"{""Danh Mục"":""Quần âu"",""Thương hiệu"":""JBAGY"",""Chất liệu"":""Vải Vitex cao cấp"",""Xuất xứ"":""Việt Nam"",""Phong cách"":""Lịch lãm, Hiện đại"",""Mẫu"":""Trơn"",""Tính năng"":""Điều chỉnh cạp (Smart Tab), Chống nhăn, Thấm hút tốt, Co giãn"",""Hoàn cảnh"":""Đi làm, Công sở, Sự kiện"",""Chiều dài quần"":""Quần dài"",""Kiểu quần"":""Dáng đứng côn""}",https://shopee.vn/Qu%E1%BA%A7n-%C3%A2u-nam-JBAGY-Smart-Pants-%C4%91i%E1%BB%81u-ch%E1%BB%89nh-c%E1%BA%A1p-v%E1%BA%A3i-Vitex-co-gi%C3%A3n-cao-c%E1%BA%A5p-ch%E1%BB%91ng-nh%C4%83n-JA0303-i.259681663.19079562576?extraParams=%7B%22display_model_id%22%3A178252639303%2C%22model_selection_logic%22%3A3%7D,269.000 đ
Quần âu nam ROWAY vải chéo Hàn co giãn nhẹ form Slim crop,Quần âu,ROWAY,"{""Danh Mục"":""Quần âu"",""Thương hiệu"":""ROWAY"",""Chất liệu"":""Vải chéo Hàn"",""Xuất xứ"":""Việt Nam"",""Phong cách"":""Lịch lãm, Trẻ trung"",""Mẫu"":""Trơn"",""Mùa"":""Bốn mùa"",""Tính năng"":""Co giãn nhẹ, Đứng form"",""Hoàn cảnh"":""Hằng ngày, Đi làm, Dự tiệc"",""Chiều dài quần"":""Quần dài (Crop)"",""Kiểu quần"":""Slim crop""}",https://shopee.vn/Qu%E1%BA%A7n-%C3%A2u-nam-ROWAY-v%E1%BA%A3i-ch%C3%A9o-H%C3%A0n-co-gi%C3%A3n-nh%E1%BA%B9-form-Slim-crop-i.358123846.24145247710?extraParams=%7B%22display_model_id%22%3A243433552530%2C%22model_selection_logic%22%3A3%7D,255.000 đ
Quần âu nam TORANO slim-fit cạp trơn chuẩn phom DABT900,Quần âu,TORANO,"{""Danh Mục"":""Quần âu"",""Thương hiệu"":""TORANO"",""Chất liệu"":""65% Polyester, 32% Rayon, 3% Spandex"",""Xuất xứ"":""Việt Nam"",""Phong cách"":""Trẻ trung, Nam tính, Công sở"",""Mẫu"":""Trơn"",""Mùa"":""Bốn mùa"",""Tính năng"":""Thấm hút tốt, Bền màu, Không bai xù, Lên form chuẩn"",""Hoàn cảnh"":""Đi làm, Đi học, Dạo phố"",""Chiều dài quần"":""Quần dài"",""Kiểu quần"":""Slim fit""}",https://shopee.vn/Qu%E1%BA%A7n-%C3%A2u-nam-TORANO-slim-fit-c%E1%BA%A1p-tr%C6%A1n-chu%E1%BA%A9n-phom-DABT900-i.835435.19761605688?extraParams=%7B%22display_model_id%22%3A183151119619%2C%22model_selection_logic%22%3A3%7D,429.000 đ
Quần âu ống suông rộng tôn dáng ARMCEO kèm dây lưng cách điệu AD05,Quần âu,ARMCEO,"{""Danh Mục"":""Quần âu"",""Thương hiệu"":""ARMCEO"",""Chất liệu"":""Vải chéo Nhật"",""Xuất xứ"":""Việt Nam"",""Phong cách"":""Hàn Quốc, Hiện đại"",""Mẫu"":""Trơn"",""Mùa"":""Bốn mùa"",""Tính năng"":""Ống suông rộng, Kèm dây lưng, Thoáng mát"",""Hoàn cảnh"":""Hằng ngày, Đi làm, Đi chơi"",""Chiều dài quần"":""Quần dài"",""Kiểu quần"":""Ống suông""}",https://shopee.vn/Qu%E1%BA%A7n-%C3%A2u-%E1%BB%91ng-su%C3%B4ng-r%E1%BB%99ng-t%C3%B4n-d%C3%A1ng-ARMCEO-k%C3%A8m-d%C3%A2y-l%C6%B0ng-c%C3%A1ch-%C4%91i%E1%BB%87u-ch%E1%BA%A5t-li%E1%BB%87u-ch%C3%A9o-nh%E1%BA%ADt-tho%C3%A1ng-m%C3%A1t-AD05-i.842092370.40004122129?extraParams=%7B%22display_model_id%22%3A300347748295%2C%22model_selection_logic%22%3A3%7D,285.000đ
Quần âu nam đen dáng baggy ARMCEO Aiden cạp cao tôn dáng co giãn thoải mái A01,Quần âu,ARMCEO,"{""Danh Mục"":""Quần âu"",""Thương hiệu"":""ARMCEO"",""Chất liệu"":""Vải Âu co giãn"",""Xuất xứ"":""Việt Nam"",""Phong cách"":""Trẻ trung, Hàn Quốc"",""Mẫu"":""Trơn"",""Mùa"":""Bốn mùa"",""Tính năng"":""Cạp cao tôn dáng, Co giãn thoải mái, Chống nhăn"",""Hoàn cảnh"":""Hằng ngày, Đi làm, Đi chơi, Đi học"",""Chiều dài quần"":""Quần dài (Baggy)"",""Kiểu quần"":""Baggy""}",https://shopee.vn/Qu%E1%BA%A7n-%C3%A2u-nam-%C4%91en-d%C3%A1ng-baggy-ARMCEO-Aiden-c%E1%BA%A1p-cao-t%C3%B4n-d%C3%A1ng-co-gi%C3%A3n-tho%E1%BA%A3i-m%C3%A1i-A01-i.842092370.21634680381?extraParams=%7B%22display_model_id%22%3A184284394832%2C%22model_selection_logic%22%3A3%7D,265.000đ
[DEAL SỐC size 29] Quần dài tây nam CLASSIC PANTS BST Social Circle vải tây cao cấp kiểu dáng xếp li POLOMANOR,Quần âu,POLOMANOR,"{""Danh Mục"":""Quần âu"",""Thương hiệu"":""POLOMANOR"",""Chất liệu"":""Vải tây cao cấp"",""Xuất xứ"":""Việt Nam"",""Phong cách"":""Classic, Thanh lịch, Công sở"",""Mẫu"":""Trơn / Xếp li (Pleated)"",""Mùa"":""Bốn mùa"",""Tính năng"":""Đứng form, Xếp li trước tôn dáng, Giữ nếp tốt, Chống nhăn"",""Hoàn cảnh"":""Đi làm, Công sở, Sự kiện, Dự tiệc"",""Chiều dài quần"":""Quần dài"",""Kiểu nút"":""Nút cài và khóa kéo"",""Kiểu quần"":""Ống suông / Classic fit""}",https://shopee.vn/-NEW-Qu%E1%BA%A7n-short-nam-Ch%E1%BA%A5t-li%E1%BB%87u-Jean-Cao-C%E1%BA%A5p-Form-Regular-tho%E1%BA%A3i-m%C3%A1i-linh-ho%E1%BA%A1t-POLOMANOR-i.225909574.42364499214?extraParams=%7B%22display_model_id%22%3A276196565594%2C%22model_selection_logic%22%3A3%7D&sp_atk=494da371-80a7-476c-9cb4-98e8c5446aa8&xptdk=494da371-80a7-476c-9cb4-98e8c5446aa8,329.000đ
Quần âu nam baggy ống rộng Atrastino vải Hàn cao cấp co giãn phân loại tây âu Premium thời trang BAGGY qa002,Quần âu,ATRASTINO,"{""Danh Mục"":""Quần âu"",""Thương hiệu"":""Atrastino"",""Chất liệu"":""Vải Hàn cao cấp co giãn"",""Xuất xứ"":""Việt Nam"",""Phong cách"":""Trẻ trung, Hiện đại, Hàn Quốc"",""Mẫu"":""Trơn / Premium"",""Mùa"":""Bốn mùa"",""Tính năng"":""Ống rộng (Baggy/Wide-leg), Co giãn thoải mái, Tôn dáng, Đứng form"",""Hoàn cảnh"":""Đi học, Đi làm, Dạo phố, Cafe"",""Chiều dài quần"":""Quần dài"",""Kiểu nút"":""Nút cài và khóa kéo"",""Kiểu quần"":""Ống rộng / Baggy fit""}",https://shopee.vn/Qu%E1%BA%A7n-%C3%A2u-nam-baggy-%E1%BB%91ng-r%E1%BB%99ng-Atrastino-v%E1%BA%A3i-H%C3%A0n-cao-c%E1%BA%A5p-co-gi%C3%A3n-ph%C3%A2n-lo%E1%BA%A1i-t%C3%A2y-%C3%A2u-Premium-th%E1%BB%9Di-trang-BAGGY-qa002-i.182478864.23074572604?extraParams=%7B%22display_model_id%22%3A156946663595%2C%22model_selection_logic%22%3A3%7D,250.000đ
Quần âu nam ARISTINO dáng slimfit ôm vừa tôn dáng vải lụa tuyết không nhăn mặc đi làm công sở lịch lãm,Quần âu,ARISTINO,"{""Danh Mục"":""Quần âu"",""Thương hiệu"":""ARISTINO"",""Chất liệu"":""Lụa tuyết (Polyester pha Spandex)"",""Xuất xứ"":""Việt Nam"",""Phong cách"":""Công sở, Lịch lãm"",""Mẫu"":""Trơn"",""Mùa"":""Bốn mùa"",""Tính năng"":""Chống nhăn, đứng nếp"",""Hoàn cảnh"":""Đi làm, Sự kiện"",""Chiều dài quần"":""Dài qua mắt cá"",""Kiểu nút"":""Móc gài kim loại và khóa kéo"",""Kiểu quần"":""Slimfit""}",null,650.000 đ
Quần Âu Nam ARISTINO Sợi Tre Bamboo Kháng Khuẩn Thoáng Mát Dáng Suông Tôn Chiều Cao AR-Q01,Quần âu,ARISTINO,"{""Danh Mục"":""Quần âu"",""Thương hiệu"":""ARISTINO"",""Chất liệu"":""Sợi tre Bamboo 100%"",""Xuất xứ"":""Việt Nam"",""Phong cách"":""Sang trọng, Cổ điển"",""Mẫu"":""Kẻ chìm"",""Mùa"":""Mùa hè"",""Tính năng"":""Kháng khuẩn, siêu nhẹ"",""Hoàn cảnh"":""Họp mặt, Ký kết hợp đồng"",""Chiều dài quần"":""Dài phủ gót"",""Kiểu nút"":""Cúc cài và khóa kéo"",""Kiểu quần"":""Ống suông (Straight)""}",null,650.000 đ
Quần Tây ARISTINO Premium Tailored Trousers Cạp Tăng Đơ Tiện Lợi Smart Casual Fit AR-Q02,Quần âu,ARISTINO,"{""Danh Mục"":""Quần âu"",""Thương hiệu"":""ARISTINO"",""Chất liệu"":""Wool pha Polyester"",""Xuất xứ"":""Việt Nam"",""Phong cách"":""Smart Casual"",""Mẫu"":""Trơn"",""Mùa"":""Thu Đông"",""Tính năng"":""Cạp tăng đơ thông minh, giữ nhiệt tốt"",""Hoàn cảnh"":""Đi làm, Tiệc tối"",""Chiều dài quần"":""Dài"",""Kiểu nút"":""Móc cài tàng hình"",""Kiểu quần"":""Tailored Fit"",""Rất lớn"":""Có""}",null,620.000 đ
Quần âu nam công sở OWEN ống đứng màu đen xám cơ bản vải nano co giãn thoải mái chống bám bụi,Quần âu,OWEN,"{""Danh Mục"":""Quần âu"",""Thương hiệu"":""OWEN"",""Chất liệu"":""Vải Nano cao cấp"",""Xuất xứ"":""Việt Nam"",""Phong cách"":""Thanh lịch, Cơ bản"",""Mẫu"":""Trơn basic"",""Mùa"":""Bốn mùa"",""Tính năng"":""Chống bám bụi, co giãn 4 chiều"",""Hoàn cảnh"":""Văn phòng, Giao tiếp"",""Chiều dài quần"":""Dài vừa vặn"",""Kiểu nút"":""Cúc nhựa dập logo"",""Kiểu quần"":""Ống đứng (Regular)""}",null,550.000 đ
Quần Tây Nam OWEN Dáng Khâu Ly Vĩnh Viễn Không Cần Là Ủi Chất Liệu Kaki Thun Mềm OWQ99,Quần âu,OWEN,"{""Danh Mục"":""Quần âu"",""Thương hiệu"":""OWEN"",""Chất liệu"":""Kaki thun pha Poly"",""Xuất xứ"":""Việt Nam"",""Phong cách"":""Trẻ trung, Hiện đại"",""Mẫu"":""Khâu ly trước"",""Mùa"":""Bốn mùa"",""Tính năng"":""Giữ ly vĩnh viễn, không cần là ủi"",""Hoàn cảnh"":""Đi làm hàng ngày"",""Chiều dài quần"":""Dài ngang mắt cá"",""Kiểu nút"":""Móc gài"",""Kiểu quần"":""Slimfit""}",null,480.000 đ
Quần Âu Nam OWEN Essential Dress Pants Màu Xanh Navy Thanh Lịch Form Ôm Vừa OWQ88,Quần âu,OWEN,"{""Danh Mục"":""Quần âu"",""Thương hiệu"":""OWEN"",""Chất liệu"":""Polyester pha Rayon"",""Xuất xứ"":""Việt Nam"",""Phong cách"":""Essential, Minimalist"",""Mẫu"":""Trơn"",""Mùa"":""Bốn mùa"",""Tính năng"":""Bền màu, mềm mại"",""Hoàn cảnh"":""Sự kiện, Đi làm"",""Chiều dài quần"":""Dài"",""Kiểu nút"":""Khóa kéo YKK"",""Kiểu quần"":""Regular Fit""}",null,520.000 đ
Quần tây nam POLOMAN cạp chun ẩn co giãn vải tuyết mưa mềm mịn dáng Hàn Quốc ống côn trẻ trung,Quần âu,POLOMAN,"{""Danh Mục"":""Quần âu"",""Thương hiệu"":""POLOMAN"",""Chất liệu"":""Vải tuyết mưa"",""Xuất xứ"":""Việt Nam"",""Phong cách"":""Hàn Quốc, Năng động"",""Mẫu"":""Trơn"",""Mùa"":""Mùa hè"",""Tính năng"":""Cạp chun ẩn thoải mái, mềm nịnh da"",""Hoàn cảnh"":""Cafe, Dạo phố, Đi làm"",""Chiều dài quần"":""Ống côn ngang mắt cá"",""Kiểu nút"":""Cạp chun sau, khóa kéo trước"",""Kiểu quần"":""Ống côn (Tapered Fit)""}",null,350.000 đ
Quần Âu Nam POLOMAN Thiết Kế Cạp Sidetab Sang Trọng Vải Dày Dặn Tôn Dáng PLM-Q05,Quần âu,POLOMAN,"{""Danh Mục"":""Quần âu"",""Thương hiệu"":""POLOMAN"",""Chất liệu"":""Cotton pha Spandex dày dặn"",""Xuất xứ"":""Việt Nam"",""Phong cách"":""Cổ điển, Sartorial"",""Mẫu"":""Sidetab (Đai sườn)"",""Mùa"":""Thu Đông"",""Tính năng"":""Điều chỉnh cạp không cần thắt lưng"",""Hoàn cảnh"":""Sự kiện trang trọng, Chụp ảnh cưới"",""Chiều dài quần"":""Dài phủ giày"",""Kiểu nút"":""Đai sườn Sidetab, khóa kéo"",""Kiểu quần"":""Straight Fit""}",null,450.000 đ
Quần Tây Nam POLOMAN Ankle-Length Trousers Cắt Gấu Trẻ Trung Smart Casual PLM-Q08,Quần âu,POLOMAN,"{""Danh Mục"":""Quần âu"",""Thương hiệu"":""POLOMAN"",""Chất liệu"":""Rayon pha Spandex"",""Xuất xứ"":""Việt Nam"",""Phong cách"":""Smart Casual, Hiện đại"",""Mẫu"":""Gấu lơ-vê (Turn-up)"",""Mùa"":""Bốn mùa"",""Tính năng"":""Mát mẻ, nhẹ nhàng"",""Hoàn cảnh"":""Đi chơi, Hẹn hò, Mặc hàng ngày"",""Chiều dài quần"":""Trên mắt cá (Ankle)"",""Kiểu nút"":""Cúc cài đồi"",""Kiểu quần"":""Slimfit""}",null,390.000 đ
Quần âu nam SUKIYA phong cách Nhật Bản dáng suông rộng xếp ly trước vải đũi mát mẻ mặc hè SK01,Quần âu,SUKIYA,"{""Danh Mục"":""Quần âu"",""Thương hiệu"":""SUKIYA"",""Chất liệu"":""Vải đũi (Linen)"",""Xuất xứ"":""Việt Nam"",""Phong cách"":""Nhật Bản, Tối giản (Minimalism)"",""Mẫu"":""Xếp ly trước (Pleated)"",""Mùa"":""Mùa hè"",""Tính năng"":""Thoáng mát tối đa, thấm hút mồ hôi"",""Hoàn cảnh"":""Nghỉ dưỡng, Mặc nhà, Dạo phố"",""Chiều dài quần"":""Dài ống rộng"",""Kiểu nút"":""Cúc cài"",""Kiểu quần"":""Ống rộng xếp ly (Wide Leg Pleated)""}",null,650.000 đ
Quần Âu Nam Adidas Golf Cao Cấp Vải Co Giãn Chống Nhăn Phối Túi Lịch Lãm AD-A01,Quần âu,Adidas,"{""Danh Mục"":""Quần âu"",""Thương hiệu"":""Adidas"",""Chất liệu"":""Polyester pha Spandex (Primegreen)"",""Xuất xứ"":""Việt Nam"",""Phong cách"":""Thể thao sang trọng, Smart Casual"",""Mẫu"":""Trơn tinh tế"",""Mùa"":""Bốn mùa"",""Tính năng"":""Co giãn 4 chiều, giữ nếp, chống nhăn"",""Hoàn cảnh"":""Đánh Golf, Đi làm, Sự kiện"",""Chiều dài quần"":""Dài chạm gót"",""Kiểu nút"":""Móc cài tàng hình"",""Kiểu quần"":""Slimfit""}",null,1.500.000 đ
Quần lót nam boxer OWEN dáng đùi vải sợi tre bamboo mềm mịn kháng khuẩn khử mùi hiệu quả,Quần lót,OWEN,"{""Danh Mục"":""Quần boxer"",""Thương hiệu"":""OWEN"",""Chất liệu"":""Sợi tre (Bamboo)"",""Xuất xứ"":""Việt Nam"",""Phong cách"":""Hiện đại"",""Mẫu"":""Trơn"",""Mùa"":""Bốn mùa"",""Tính năng"":""Khử mùi tự nhiên, làm mát, mềm mại"",""Hoàn cảnh"":""Đi làm, Đi chơi""}",null,95.000 đ
Quần Lót Boxer Nam OWEN Seamless Không Đường May Tàng Hình Cao Cấp OW-BX02,Quần lót,OWEN,"{""Danh Mục"":""Quần boxer"",""Thương hiệu"":""OWEN"",""Chất liệu"":""Microfiber"",""Xuất xứ"":""Việt Nam"",""Phong cách"":""Tối giản"",""Mẫu"":""Trơn seamless"",""Mùa"":""Bốn mùa"",""Tính năng"":""Không đường may, tàng hình, ôm sát"",""Hoàn cảnh"":""Mặc trong quần âu, quần jeans""}",null,125.000 đ
Quần lót nam boxer ROWAY form rộng thoải mái vải cotton 100% thấm hút tuyệt đối mặc ngủ mặc nhà,Quần lót,ROWAY,"{""Danh Mục"":""Quần boxer"",""Thương hiệu"":""ROWAY"",""Chất liệu"":""Cotton 100%"",""Xuất xứ"":""Việt Nam"",""Phong cách"":""Thoải mái (Relaxed)"",""Mẫu"":""Kẻ caro"",""Mùa"":""Bốn mùa"",""Tính năng"":""Thoáng khí tối đa, không gò bó"",""Hoàn cảnh"":""Mặc nhà, Mặc ngủ""}",null,89.000 đ
ROWAY Signature Boxer Quần Lót Đùi Nam Thiết Kế Hiện Đại Streetwear RW-BX08,Quần lót,ROWAY,"{""Danh Mục"":""Quần boxer"",""Thương hiệu"":""ROWAY"",""Chất liệu"":""Cotton thun"",""Xuất xứ"":""Việt Nam"",""Phong cách"":""Streetwear"",""Mẫu"":""In Monogram lưng thun"",""Mùa"":""Bốn mùa"",""Tính năng"":""Thời trang, giữ form"",""Hoàn cảnh"":""Dạo phố, Mặc hàng ngày""}",null,110.000 đ
Quần lót nam boxer SUKIYA dáng dài chống cọ sát đùi vải lụa tơ tằm mềm mại sang trọng lịch lãm,Quần lót,SUKIYA,"{""Danh Mục"":""Quần boxer"",""Thương hiệu"":""SUKIYA"",""Chất liệu"":""Lụa tơ tằm pha"",""Xuất xứ"":""Việt Nam"",""Phong cách"":""Sang trọng"",""Mẫu"":""Trơn lụa bóng nhẹ"",""Mùa"":""Bốn mùa"",""Tính năng"":""Mềm mượt, chống trầy xước đùi"",""Hoàn cảnh"":""Mặc trong quần tây, đi tiệc""}",null,150.000 đ
Quần Lót Boxer Nam SUKIYA Minimalist Soft Modal Co Giãn 4 Chiều Cao Cấp SK-BX04,Quần lót,SUKIYA,"{""Danh Mục"":""Quần boxer"",""Thương hiệu"":""SUKIYA"",""Chất liệu"":""Vải Modal (Sợi sồi)"",""Xuất xứ"":""Việt Nam"",""Phong cách"":""Tối giản (Minimalism)"",""Mẫu"":""Trơn"",""Mùa"":""Bốn mùa"",""Tính năng"":""Co giãn tốt, không nhăn, mát da"",""Hoàn cảnh"":""Mặc hàng ngày, Đi làm""}",null,90.000 đ
Quần lót nam boxer TOKYOLIFE vải lưới mesh siêu thoáng khí hỗ trợ vận động chạy bộ dã ngoại,Quần lót,TOKYOLIFE,"{""Danh Mục"":""Quần boxer"",""Thương hiệu"":""TOKYOLIFE"",""Chất liệu"":""Vải lưới (Mesh)"",""Xuất xứ"":""Việt Nam"",""Phong cách"":""Thể thao, Chuyên dụng"",""Mẫu"":""Phối lưới"",""Mùa"":""Bốn mùa"",""Tính năng"":""Thoáng khí tuyệt đối, nhanh khô"",""Hoàn cảnh"":""Đạp xe, Leo núi, Chạy bộ""}",null,120.000 đ
Quần Lót Boxer Nam TOKYOLIFE Bamboo Fiber Khử Mùi Tự Nhiên Mềm Mịn Thoải Mái TL-BX10,Quần lót,TOKYOLIFE,"{""Danh Mục"":""Quần boxer"",""Thương hiệu"":""TOKYOLIFE"",""Chất liệu"":""Sợi tre Bamboo"",""Xuất xứ"":""Việt Nam"",""Phong cách"":""Cơ bản"",""Mẫu"":""Trơn"",""Mùa"":""Bốn mùa"",""Tính năng"":""Kháng khuẩn, mềm mịn"",""Hoàn cảnh"":""Mặc hàng ngày""}",null,99.000 đ
Quần lót nam boxer VENI màu trơn basic cạp chun mềm mại không lằn bụng thoải mái vận động,Quần lót,VENI,"{""Danh Mục"":""Quần boxer"",""Thương hiệu"":""VENI"",""Chất liệu"":""Cotton thun lạnh"",""Xuất xứ"":""Việt Nam"",""Phong cách"":""Trẻ trung"",""Mẫu"":""Đen/Ghi trơn"",""Mùa"":""Bốn mùa"",""Tính năng"":""Lưng thun siêu mềm, không gây lằn"",""Hoàn cảnh"":""Đi học, Đi làm""}",null,75.000 đ
Quần Lót Boxer Nam VENI Fashion Monogram In Họa Tiết Sành Điệu Cho Nam Giới VE-BX05,Quần lót,VENI,"{""Danh Mục"":""Quần boxer"",""Thương hiệu"":""VENI"",""Chất liệu"":""Thun Poly cao cấp"",""Xuất xứ"":""Việt Nam"",""Phong cách"":""Thời trang, Cá tính"",""Mẫu"":""In Monogram"",""Mùa"":""Bốn mùa"",""Tính năng"":""Không phai màu, bền bỉ"",""Hoàn cảnh"":""Đi bơi, Chụp hình, Dạo phố""}",null,95.000 đ
Quần cargo nam túi hộp IVY vải kaki dày dặn phong cách lính khỏe khoắn mặc đi phượt dã ngoại năng động,Quần cargo,IVY,"{""Danh Mục"":""Quần cargo"",""Thương hiệu"":""IVY"",""Chất liệu"":""Kaki Cotton dày"",""Xuất xứ"":""Việt Nam"",""Phong cách"":""Military, Khỏe khoắn"",""Mẫu"":""Túi hộp (Cargo)"",""Mùa"":""Bốn mùa"",""Tính năng"":""Bền bỉ, chịu ma sát, giữ form"",""Hoàn cảnh"":""Đi phượt, Dã ngoại, Dạo phố"",""Chiều dài quần"":""Dài"",""Kiểu nút"":""Cúc cài kim loại"",""Kiểu quần"":""Cargo Pants""}",null,550.000 đ
Quần Cargo Nam IVY Cao Cấp Vải Kaki Cotton Co Giãn Tốt IVY-C01,Quần cargo,IVY,"{""Danh Mục"":""Quần cargo"",""Thương hiệu"":""IVY"",""Chất liệu"":""Kaki thun co giãn"",""Xuất xứ"":""Việt Nam"",""Phong cách"":""Thanh lịch, Hiện đại"",""Mẫu"":""Trơn phối túi hộp"",""Mùa"":""Bốn mùa"",""Tính năng"":""Co giãn tốt, thoáng khí"",""Hoàn cảnh"":""Đi làm, Cafe"",""Chiều dài quần"":""Ngang mắt cá chân"",""Kiểu nút"":""Khóa kéo"",""Kiểu quần"":""Slimfit Cargo""}",null,480.000 đ
Quần Cargo Pants IVY Urban Streetwear Túi Hộp Tiện Lợi Form Rộng Unisex IVY-UR01,Quần cargo,IVY,"{""Danh Mục"":""Quần cargo"",""Thương hiệu"":""IVY"",""Chất liệu"":""Kaki Canvas"",""Xuất xứ"":""Việt Nam"",""Phong cách"":""Streetwear, Unisex"",""Mẫu"":""Túi hộp hộp nổi"",""Mùa"":""Bốn mùa"",""Tính năng"":""Nhiều ngăn chứa đồ, phong cách"",""Hoàn cảnh"":""Đi chơi, Chụp ảnh OOTD"",""Chiều dài quần"":""Dài phủ giày"",""Kiểu nút"":""Cúc bấm"",""Kiểu quần"":""Oversize Cargo"",""Rất lớn"":""Có""}",null,520.000 đ
Quần dài cargo nam IVY ống rộng rút dây gấu quần cá tính vải dù bền bỉ chống bám bụi,Quần cargo,IVY,"{""Danh Mục"":""Quần cargo"",""Thương hiệu"":""IVY"",""Chất liệu"":""Vải dù bền bỉ"",""Xuất xứ"":""Việt Nam"",""Phong cách"":""Năng động, Techwear"",""Mẫu"":""Gấu rút dây"",""Mùa"":""Thu Đông"",""Tính năng"":""Chống bám bụi, cản gió nhẹ"",""Hoàn cảnh"":""Đi xe máy, Du lịch"",""Chiều dài quần"":""Dài"",""Kiểu nút"":""Cạp chun dây rút"",""Kiểu quần"":""Parachute Cargo""}",null,450.000 đ
Quần cargo nam JBAGY túi hộp vải bò denim wash bụi bặm phong cách streetwear cực chất đi quẩy dạo phố,Quần cargo,JBAGY,"{""Danh Mục"":""Quần cargo"",""Thương hiệu"":""JBAGY"",""Chất liệu"":""Denim dày dặn"",""Xuất xứ"":""Việt Nam"",""Phong cách"":""Streetwear, Bụi bặm"",""Mẫu"":""Washed / Túi hộp"",""Mùa"":""Bốn mùa"",""Tính năng"":""Bền màu, đứng form"",""Hoàn cảnh"":""Đi quẩy, Concert, Dạo phố"",""Chiều dài quần"":""Dài"",""Kiểu nút"":""Khóa kéo YKK"",""Kiểu quần"":""Denim Cargo""}",null,590.000 đ
Quần Cargo Nam JBAGY Slimfit Túi Hộp Vải Kaki Hàn Quốc JB-C20,Quần cargo,JBAGY,"{""Danh Mục"":""Quần cargo"",""Thương hiệu"":""JBAGY"",""Chất liệu"":""Kaki Hàn Quốc"",""Xuất xứ"":""Việt Nam"",""Phong cách"":""Hàn Quốc, Thanh lịch"",""Mẫu"":""Trơn"",""Mùa"":""Bốn mùa"",""Tính năng"":""Tôn dáng, co giãn nhẹ"",""Hoàn cảnh"":""Đi học, Đi làm"",""Chiều dài quần"":""Dài vừa vặn"",""Kiểu nút"":""Cúc cài"",""Kiểu quần"":""Slimfit""}",null,420.000 đ
Quần Cargo Trousers JBAGY Minimalist Design Túi Hộp Tinh Tế Form Suông JB-MT02,Quần cargo,JBAGY,"{""Danh Mục"":""Quần cargo"",""Thương hiệu"":""JBAGY"",""Chất liệu"":""Kaki thun cao cấp"",""Xuất xứ"":""Việt Nam"",""Phong cách"":""Minimalist, Tối giản"",""Mẫu"":""Túi hộp chìm tinh tế"",""Mùa"":""Bốn mùa"",""Tính năng"":""Mềm mại, không nhăn"",""Hoàn cảnh"":""Hẹn hò, Cafe"",""Chiều dài quần"":""Dài"",""Kiểu nút"":""Móc gài tàng hình"",""Kiểu quần"":""Straight Fit""}",null,490.000 đ
Quần cargo kaki nam JBAGY dáng lửng trẻ trung túi hộp tiện dụng vải mềm mịn co giãn tốt,Quần cargo,JBAGY,"{""Danh Mục"":""Quần cargo"",""Thương hiệu"":""JBAGY"",""Chất liệu"":""Kaki mềm"",""Xuất xứ"":""Việt Nam"",""Phong cách"":""Trẻ trung, Năng động"",""Mẫu"":""Dáng lửng (Short Cargo)"",""Mùa"":""Mùa hè"",""Tính năng"":""Thoáng mát, dễ vận động"",""Hoàn cảnh"":""Đi biển, Du lịch, Mặc nhà"",""Chiều dài quần"":""Ngang gối"",""Kiểu nút"":""Cạp chun sau"",""Kiểu quần"":""Short Cargo""}",null,350.000 đ
Quần cargo nam KRIK ống suông túi hộp vải kaki canvas bền bỉ phong cách vintage cổ điển dã ngoại,Quần cargo,KRIK,"{""Danh Mục"":""Quần cargo"",""Thương hiệu"":""KRIK"",""Chất liệu"":""Kaki Canvas"",""Xuất xứ"":""Việt Nam"",""Phong cách"":""Vintage, Cổ điển"",""Mẫu"":""Ống suông"",""Mùa"":""Bốn mùa"",""Tính năng"":""Cực bền, chịu lực tốt"",""Hoàn cảnh"":""Làm việc, Dã ngoại"",""Chiều dài quần"":""Dài phủ gót"",""Kiểu nút"":""Cúc cài"",""Kiểu quần"":""Straight Cargo""}",null,580.000 đ
Quần Cargo Nam KRIK Techwear Nhiều Túi Vải Dù Chống Nước KR-T01,Quần cargo,KRIK,"{""Danh Mục"":""Quần cargo"",""Thương hiệu"":""KRIK"",""Chất liệu"":""Vải dù Gore-Tex"",""Xuất xứ"":""Việt Nam"",""Phong cách"":""Techwear, Sinh tồn"",""Mẫu"":""Nhiều túi chức năng"",""Mùa"":""Thu Đông"",""Tính năng"":""Chống nước tuyệt đối, cản gió"",""Hoàn cảnh"":""Leo núi, Trekking"",""Chiều dài quần"":""Dài"",""Kiểu nút"":""Khóa kéo chống nước"",""Kiểu quần"":""Functional Cargo""}",null,750.000 đ
Quần Cargo Pants KRIK Acid Wash Hiệu Ứng Loang Màu Streetstyle Bụi Bặm KR-AW03,Quần cargo,KRIK,"{""Danh Mục"":""Quần cargo"",""Thương hiệu"":""KRIK"",""Chất liệu"":""Cotton Khaki Washed"",""Xuất xứ"":""Việt Nam"",""Phong cách"":""Grunge, Bụi bặm"",""Mẫu"":""Acid Wash (Loang màu)"",""Mùa"":""Bốn mùa"",""Tính năng"":""Mềm mại, màu sắc độc bản"",""Hoàn cảnh"":""Đi chơi, Lên phố"",""Chiều dài quần"":""Dài"",""Kiểu nút"":""Cúc cài đồng"",""Kiểu quần"":""Baggy Cargo""}",null,620.000 đ
Quần dài cargo KRIK màu xám khói dáng baggy ống rộng thoải mái mặc đi học đi chơi cực chất,Quần cargo,KRIK,"{""Danh Mục"":""Quần cargo"",""Thương hiệu"":""KRIK"",""Chất liệu"":""Kaki thô mềm"",""Xuất xứ"":""Việt Nam"",""Phong cách"":""Hàn Quốc, Streetstyle"",""Mẫu"":""Wash xám khói"",""Mùa"":""Bốn mùa"",""Tính năng"":""Rộng rãi, che khuyết điểm chân"",""Hoàn cảnh"":""Đi học, Cafe"",""Chiều dài quần"":""Dài qua mắt cá"",""Kiểu nút"":""Khóa kéo"",""Kiểu quần"":""Baggy Cargo""}",null,499.000 đ
Quần cargo nam LAROMA vải thun lạnh co giãn 4 chiều túi hộp thể thao thoáng mát mùa hè tập gym,Quần cargo,LAROMA,"{""Danh Mục"":""Quần cargo"",""Thương hiệu"":""LAROMA"",""Chất liệu"":""Thun lạnh"",""Xuất xứ"":""Việt Nam"",""Phong cách"":""Thể thao, Năng động"",""Mẫu"":""Trơn phối túi hộp kéo khóa"",""Mùa"":""Mùa hè"",""Tính năng"":""Làm mát, co giãn 4 chiều, nhanh khô"",""Hoàn cảnh"":""Tập Gym, Chạy bộ"",""Chiều dài quần"":""Dài"",""Kiểu nút"":""Cạp chun dây rút"",""Kiểu quần"":""Sporty Cargo""}",null,380.000 đ
Quần Cargo Nam LAROMA Kháng Khuẩn Khử Mùi Vải Gió Siêu Nhẹ LR-C05,Quần cargo,LAROMA,"{""Danh Mục"":""Quần cargo"",""Thương hiệu"":""LAROMA"",""Chất liệu"":""Vải gió Poly"",""Xuất xứ"":""Việt Nam"",""Phong cách"":""Tiện lợi, Gọn nhẹ"",""Mẫu"":""Trơn basic"",""Mùa"":""Mùa hè, Mùa thu"",""Tính năng"":""Kháng khuẩn, khử mùi, siêu nhẹ"",""Hoàn cảnh"":""Mặc hàng ngày, Đi du lịch"",""Chiều dài quần"":""Dài bo gấu nhẹ"",""Kiểu nút"":""Cạp chun"",""Kiểu quần"":""Lightweight Cargo""}",null,350.000 đ
Quần Cargo Pants LAROMA Active Sun Protection Chống Tia UV Đi Nắng Tiện Lợi LR-UV01,Quần cargo,LAROMA,"{""Danh Mục"":""Quần cargo"",""Thương hiệu"":""LAROMA"",""Chất liệu"":""Vải chống UV chuyên dụng"",""Xuất xứ"":""Việt Nam"",""Phong cách"":""Outdoor"",""Mẫu"":""Trơn túi hộp dán"",""Mùa"":""Mùa hè"",""Tính năng"":""Chống tia UV UPF 50+, tản nhiệt"",""Hoàn cảnh"":""Lao động ngoài trời, Đi phượt"",""Chiều dài quần"":""Dài"",""Kiểu nút"":""Cạp chun khóa bấm"",""Kiểu quần"":""Utility Cargo""}",null,420.000 đ
Quần jogger cargo nam LAROMA bo gấu năng động túi hộp zipper an toàn vải dù trượt nước,Quần cargo,LAROMA,"{""Danh Mục"":""Quần cargo"",""Thương hiệu"":""LAROMA"",""Chất liệu"":""Vải dù trượt nước"",""Xuất xứ"":""Việt Nam"",""Phong cách"":""Thể thao, Mạnh mẽ"",""Mẫu"":""Túi hộp có khóa zipper"",""Mùa"":""Bốn mùa"",""Tính năng"":""Trượt nước, bảo vệ đồ dùng trong túi"",""Hoàn cảnh"":""Đi xe máy, Vận động mạnh"",""Chiều dài quần"":""Dài bo gấu"",""Kiểu nút"":""Cạp chun dây rút"",""Kiểu quần"":""Jogger Cargo""}",null,390.000 đ
Quần cargo nam NOVAR ống rộng màu xanh lính phong cách quân đội vải kaki dày dặn giữ form cực tốt,Quần cargo,NOVAR,"{""Danh Mục"":""Quần cargo"",""Thương hiệu"":""NOVAR"",""Chất liệu"":""Kaki Cotton dày"",""Xuất xứ"":""Việt Nam"",""Phong cách"":""Military, Army"",""Mẫu"":""Xanh lính trơn"",""Mùa"":""Bốn mùa"",""Tính năng"":""Đứng form, bền màu"",""Hoàn cảnh"":""Đi phượt, Chụp ảnh sự kiện"",""Chiều dài quần"":""Dài phủ giày"",""Kiểu nút"":""Cúc cài và đai thắt lưng"",""Kiểu quần"":""Wide Leg Cargo"",""Rất lớn"":""Có""}",null,550.000 đ
Quần Cargo Nam NOVAR Premium Cotton Co Giãn Dáng Slimfit NV-C10,Quần cargo,NOVAR,"{""Danh Mục"":""Quần cargo"",""Thương hiệu"":""NOVAR"",""Chất liệu"":""Premium Cotton pha Spandex"",""Xuất xứ"":""Việt Nam"",""Phong cách"":""Thanh lịch, Smart Casual"",""Mẫu"":""Trơn tinh tế"",""Mùa"":""Bốn mùa"",""Tính năng"":""Mềm mại, co giãn thoải mái"",""Hoàn cảnh"":""Đi làm, Giao tiếp"",""Chiều dài quần"":""Ngang mắt cá"",""Kiểu nút"":""Khóa kéo"",""Kiểu quần"":""Slimfit Cargo""}",null,520.000 đ
Quần Cargo Trousers NOVAR City Rider Túi Hộp Phối Màu Trẻ Trung NV-CR02,Quần cargo,NOVAR,"{""Danh Mục"":""Quần cargo"",""Thương hiệu"":""NOVAR"",""Chất liệu"":""Kaki thun"",""Xuất xứ"":""Việt Nam"",""Phong cách"":""Urban, Hiện đại"",""Mẫu"":""Color Block (Phối màu)"",""Mùa"":""Bốn mùa"",""Tính năng"":""Phong cách, co giãn"",""Hoàn cảnh"":""Dạo phố, Cafe"",""Chiều dài quần"":""Dài"",""Kiểu nút"":""Cúc gài"",""Kiểu quần"":""Regular Cargo""}",null,450.000 đ
Quần dài cargo nam NOVAR cạp chun ẩn thoải mái dáng suông mặc hàng ngày đi làm dạo phố,Quần cargo,NOVAR,"{""Danh Mục"":""Quần cargo"",""Thương hiệu"":""NOVAR"",""Chất liệu"":""Kaki pha Rayon"",""Xuất xứ"":""Việt Nam"",""Phong cách"":""Tối giản, Tiện dụng"",""Mẫu"":""Trơn basic"",""Mùa"":""Bốn mùa"",""Tính năng"":""Cạp chun ẩn thoải mái vòng bụng"",""Hoàn cảnh"":""Mặc hàng ngày, Đi làm"",""Chiều dài quần"":""Dài"",""Kiểu nút"":""Cạp chun sau, khóa kéo trước"",""Kiểu quần"":""Straight Cargo""}",null,399.000 đ
Quần Jean Nam YODY Regular Denim Like Thoải Mái Dễ Phối Đồ TRA MCJE25S030,Quần jeans,YODY,"{""Danh Mục"":""Quần jeans"",""Thương hiệu"":""YODY"",""Chất liệu"":""Denim Like (Cotton phối)"",""Xuất xứ"":""Việt Nam"",""Phong cách"":""Cơ bản, Thanh lịch"",""Mẫu"":""Trơn / Denim"",""Mùa"":""Bốn mùa"",""Tính năng"":""Mềm mại, Thoáng khí, Co giãn nhẹ, Bền màu"",""Hoàn cảnh"":""Đi làm, Đi chơi, Mặc hàng ngày"",""Chiều dài quần"":""Dài"",""Kiểu nút"":""Nút cài và khóa kéo"",""Kiểu quần"":""Ống đứng""}",https://shopee.vn/Qu%E1%BA%A7n-Jeans-Nam-YODY-Regular-Denim-Like-Tho%E1%BA%A3i-M%C3%A1i-D%E1%BB%85-Ph%E1%BB%91i-%C4%90%E1%BB%93-TRA-MCJE25S030-i.173392916.41308793132?extraParams=%7B%22display_model_id%22%3A290739580421%2C%22model_selection_logic%22%3A3%7D,479.000đ
Quần jean nam ống rộng POLOMANOR BST THE REAL JEANS form Straight,Quần jeans,POLOMANOR,"{""Danh Mục"":""Quần jeans"",""Thương hiệu"":""POLOMANOR"",""Chất liệu"":""Denim (Cotton)"",""Xuất xứ"":""Việt Nam"",""Phong cách"":""Trẻ trung, Hiện đại"",""Mẫu"":""Trơn / Denim"",""Mùa"":""Bốn mùa"",""Tính năng"":""Bền màu, Thoáng khí, Giữ form, Mềm mại"",""Hoàn cảnh"":""Đi chơi, Xuống phố, Mặc hàng ngày"",""Chiều dài quần"":""Dài"",""Kiểu nút"":""Nút cài và khóa kéo"",""Kiểu quần"":""Ống suông""}",https://shopee.vn/Qu%E1%BA%A7n-jean-nam-%E1%BB%91ng-r%E1%BB%99ng-POLOMANOR-BST-THE-REAL-JEANS-form-Straight-tho%E1%BA%A3i-m%C3%A1i-d%E1%BB%85-m%E1%BA%B7c-d%E1%BB%85-ph%E1%BB%91i-i.225909574.28481041070?extraParams=%7B%22display_model_id%22%3A271540015240%2C%22model_selection_logic%22%3A3%7D,440.000đ
Quần jean nam ống rộng JBAGY dáng suông cạp chun - JJ0107,Quần jeans,JBAGY,"{""Danh Mục"":""Quần jeans"",""Thương hiệu"":""JBAGY"",""Chất liệu"":""Denim/Jean"",""Xuất xứ"":""Việt Nam"",""Phong cách"":""Đường phố, Trẻ trung"",""Mẫu"":""Trơn"",""Mùa"":""Bốn mùa"",""Tính năng"":""Cạp chun thoải mái, Thoáng khí"",""Hoàn cảnh"":""Hằng ngày, Đi chơi, Dạo phố"",""Chiều dài quần"":""Quần dài"",""Kiểu nút"":""Cạp chun"",""Kiểu quần"":""Ống rộng, Dáng suông""}",https://shopee.vn/product/259681663/23386715995,500.000đ
Quần jean nam ROWAY vải denim cotton form suông màu xanh đậm,Quần jeans,ROWAY,"{""Danh Mục"":""Quần jeans"",""Thương hiệu"":""ROWAY"",""Chất liệu"":""100% Cotton Denim"",""Xuất xứ"":""Việt Nam"",""Phong cách"":""Cơ bản, Trẻ trung"",""Mẫu"":""Trơn"",""Mùa"":""Bốn mùa"",""Tính năng"":""Co giãn nhẹ, Bền màu, Thoáng mát"",""Hoàn cảnh"":""Hằng ngày, Đi chơi, Dạo phố"",""Chiều dài quần"":""Quần dài"",""Kiểu quần"":""Form suông""}",https://shopee.vn/Qu%E1%BA%A7n-jean-nam-ROWAY-v%E1%BA%A3i-denim-cotton-form-su%C3%B4ng-Jean-xanh-%C4%91%E1%BA%ADm-i.358123846.23837687514?extraParams=%7B%22display_model_id%22%3A49293927397%2C%22model_selection_logic%22%3A3%7D,329.000 đ
Quần Jean nam ROWAY Denim cotton Form Wide Leg,Quần jeans,ROWAY,"{""Danh Mục"":""Quần jeans"",""Thương hiệu"":""ROWAY"",""Chất liệu"":""Denim cotton"",""Xuất xứ"":""Việt Nam"",""Phong cách"":""Đường phố, Hip hop, Trẻ trung"",""Mẫu"":""Trơn"",""Mùa"":""Bốn mùa"",""Tính năng"":""Thoáng mát, Bền màu, Co giãn nhẹ"",""Hoàn cảnh"":""Hằng ngày, Đi chơi, Dạo phố"",""Chiều dài quần"":""Quần dài"",""Kiểu quần"":""Ống rộng""}",https://shopee.vn/Qu%E1%BA%A7n-Jean-nam-ROWAY-Denim-cotton-Jean-Form-Wide-Leg-i.358123846.41664873785?extraParams=%7B%22display_model_id%22%3A261232680126%2C%22model_selection_logic%22%3A3%7D,329.000 đ
Quần Jeans nam TORANO dáng basic Slim Co Giãn Tốt EABJ012,Quần jeans,TORANO,"{""Danh Mục"":""Quần jeans"",""Thương hiệu"":""TORANO"",""Chất liệu"":""Jeans dày dặn"",""Xuất xứ"":""Việt Nam"",""Phong cách"":""Trẻ trung, Năng động, Cơ bản"",""Mẫu"":""Trơn"",""Mùa"":""Bốn mùa"",""Tính năng"":""Co giãn tốt, Không bai xù, Bền màu, Thấm hút tốt"",""Hoàn cảnh"":""Hằng ngày, Đi chơi, Dạo phố"",""Chiều dài quần"":""Quần dài"",""Kiểu quần"":""Slim fit""}",https://shopee.vn/Qu%E1%BA%A7n-Jeans-nam-TORANO-d%C3%A1ng-basic-Slim-Co-Gi%C3%A3n-T%E1%BB%91t-Kh%C3%B4ng-Bai-X%C3%B9-B%E1%BB%81n-M%C3%A0u-Phom-Tr%E1%BA%BB-Trung-EABJ012-i.835435.21622669888?extraParams=%7B%22display_model_id%22%3A163645006049%2C%22model_selection_logic%22%3A3%7D,422.000 đ
Quần Jean Nam KRIK Chất Cotton Mềm Dáng Baggy Phóng Khoáng Wash Xanh QJ6188,Quần jeans,KRIK,"{""Danh Mục"":""Quần jeans"",""Thương hiệu"":""KRIK"",""Chất liệu"":""Cotton mềm"",""Xuất xứ"":""Việt Nam"",""Phong cách"":""Phóng khoáng, Năng động, Streetwear"",""Mẫu"":""Wash xanh"",""Mùa"":""Bốn mùa"",""Tính năng"":""Dáng Baggy thoải mái, Chất vải mềm mại, Bền màu"",""Hoàn cảnh"":""Hằng ngày, Đi chơi, Dạo phố, Đi học"",""Chiều dài quần"":""Dài"",""Kiểu nút"":""Nút cài và khóa kéo"",""Kiểu quần"":""Baggy""}",https://shopee.vn/Qu%E1%BA%A7n-Jean-Nam-KRIK-Ch%E1%BA%A5t-Cotton-M%E1%BB%81m-D%C3%A1ng-Baggy-Ph%C3%B3ng-Kho%C3%A1ng-Wash-Xanh-D%E1%BB%85-Ph%E1%BB%91i-%C4%90%E1%BB%93-QJ6188-i.200790122.27136345051?extraParams=%7B%22display_model_id%22%3A270000095407%2C%22model_selection_logic%22%3A3%7D,479.000đ
Quần jean ống rộng nam nữ cạp chun bigsize Atrastino dễ phối đồ theo phong cách hàn quốc JEAN001,Quần jeans,ATRASTINO,"{""Danh Mục"":""Quần jeans"",""Thương hiệu"":""Atrastino"",""Chất liệu"":""Jean (Denim)"",""Xuất xứ"":""Việt Nam"",""Phong cách"":""Hàn Quốc, Streetwear, Trẻ trung, Unisex"",""Mẫu"":""Trơn / Denim"",""Mùa"":""Bốn mùa"",""Tính năng"":""Ống rộng (Wide-leg), Cạp chun thoải mái, Dễ phối đồ, Có size lớn (Bigsize)"",""Hoàn cảnh"":""Đi học, Đi chơi, Dạo phố, Hằng ngày"",""Chiều dài quần"":""Quần dài"",""Kiểu nút"":""Cạp chun (Elastic waistband)"",""Kiểu quần"":""Ống rộng / Wide-leg fit""}",https://shopee.vn/Qu%E1%BA%A7n-jean-%E1%BB%91ng-r%E1%BB%99ng-nam-n%E1%BB%AF-c%E1%BA%A1p-chun-bigsize-Atrastino-d%E1%BB%85-ph%E1%BB%91i-%C4%91%E1%BB%93-theo-phong-c%C3%A1ch-h%C3%A0n-qu%E1%BB%91c-JEAN001-i.182478864.51903314424?extraParams=%7B%22display_model_id%22%3A302267746851%2C%22model_selection_logic%22%3A3%7D,289.000đ
Quần jeans nam NOVAR ống rộng màu xanh nhạt dáng suông phong cách Hàn Quốc streetstyle mặc đi chơi dạo phố năng động,Quần jeans,NOVAR,"{""Danh Mục"":""Quần jeans"",""Thương hiệu"":""NOVAR"",""Chất liệu"":""Denim không co giãn"",""Xuất xứ"":""Việt Nam"",""Phong cách"":""Hàn Quốc, Streetwear"",""Mẫu"":""Trơn / Wash nhẹ"",""Mùa"":""Bốn mùa"",""Tính năng"":""Giữ form tốt, không phai màu"",""Hoàn cảnh"":""Đi dạo, Đi chơi, Đi học"",""Chiều dài quần"":""Dài chấm gót"",""Kiểu nút"":""Khóa kéo kim loại và cúc"",""Kiểu quần"":""Ống rộng (Wide Leg)""}",null,385.000 đ
Quần Jeans Nam NOVAR Cao Cấp Vải Bò Denim Co Giãn 4 Chiều Dáng Slimfit Ôm Nhẹ NVJ01,Quần jeans,NOVAR,"{""Danh Mục"":""Quần jeans"",""Thương hiệu"":""NOVAR"",""Chất liệu"":""Denim co giãn (98% Cotton, 2% Spandex)"",""Xuất xứ"":""Việt Nam"",""Phong cách"":""Thanh lịch, Cơ bản"",""Mẫu"":""Trơn basic"",""Mùa"":""Bốn mùa"",""Tính năng"":""Thoải mái vận động, tôn dáng"",""Hoàn cảnh"":""Công sở, Đi làm, Hẹn hò"",""Chiều dài quần"":""Ngang mắt cá chân"",""Kiểu nút"":""Cúc cài đồng"",""Kiểu quần"":""Slimfit""}",null,420.000 đ
Quần Bò Nam ZETIS Rách Gối Ripped Jeans Màu Đen Xám Form Rộng Local Brand Unisex ZTJ99,Quần jeans,ZETIS,"{""Danh Mục"":""Quần jeans"",""Thương hiệu"":""ZETIS"",""Chất liệu"":""Vải bò cotton dày dặn"",""Xuất xứ"":""Việt Nam"",""Phong cách"":""Streetwear, Cá tính"",""Mẫu"":""Rách gối (Ripped)"",""Mùa"":""Bốn mùa"",""Tính năng"":""Đứng form, bụi bặm"",""Hoàn cảnh"":""Đi quẩy, Dạo phố, Chụp ảnh"",""Chiều dài quần"":""Dài phủ giày"",""Kiểu nút"":""Khóa kéo YKK"",""Kiểu quần"":""Form rộng (Relaxed Fit)"",""Rất lớn"":""Có""}",null,450.000 đ
Quần jeans nam ZETIS dáng Baggy ống rộng nam nữ basic dễ phối đồ mặc đi học đi chơi cực chất ZT02,Quần jeans,ZETIS,"{""Danh Mục"":""Quần jeans"",""Thương hiệu"":""ZETIS"",""Chất liệu"":""Denim 12oz"",""Xuất xứ"":""Việt Nam"",""Phong cách"":""Unisex, Trẻ trung"",""Mẫu"":""Trơn"",""Mùa"":""Bốn mùa"",""Tính năng"":""Che khuyết điểm chân, thoải mái"",""Hoàn cảnh"":""Mặc hàng ngày, Đi học"",""Chiều dài quần"":""Dài qua mắt cá"",""Kiểu nút"":""Cúc cài kim loại"",""Kiểu quần"":""Dáng Baggy""}",null,360.000 đ
Quần Jeans KRIK Ống Suông Đen Straight Fit Denim Trousers Cạp Cao Form Rộng Unisex KR05,Quần jeans,KRIK,"{""Danh Mục"":""Quần jeans"",""Thương hiệu"":""KRIK"",""Chất liệu"":""Denim thô cao cấp"",""Xuất xứ"":""Việt Nam"",""Phong cách"":""Tối giản, Vintage"",""Mẫu"":""Màu trơn nguyên bản"",""Mùa"":""Thu Đông"",""Tính năng"":""Hack dáng, tôn chiều cao"",""Hoàn cảnh"":""Cafe, Dạo phố, Sự kiện"",""Chiều dài quần"":""Dài"",""Kiểu nút"":""Khóa kéo"",""Kiểu quần"":""Ống suông (Straight)""}",null,480.000 đ
Quần bò nam màu xám khói KRIK dáng Cargo túi hộp cá tính năng động vải bò mềm form rộng thoải mái KR06,Quần jeans,KRIK,"{""Danh Mục"":""Quần jeans"",""Thương hiệu"":""KRIK"",""Chất liệu"":""Denim Wash mềm"",""Xuất xứ"":""Việt Nam"",""Phong cách"":""Utilitarian, Năng động"",""Mẫu"":""Túi hộp (Cargo) / Wash khói"",""Mùa"":""Bốn mùa"",""Tính năng"":""Nhiều túi tiện lợi, vải mềm"",""Hoàn cảnh"":""Dã ngoại, Streetstyle"",""Chiều dài quần"":""Dài"",""Kiểu nút"":""Cúc cài"",""Kiểu quần"":""Quần túi hộp (Cargo Jeans)"",""Rất lớn"":""Có""}",null,499.000 đ
Quần Jeans Nam JBAGY Ống Loe Bootcut Cổ Điển Wash Nhẹ Vải Bò Dày Dặn Form Chuẩn JB08,Quần jeans,JBAGY,"{""Danh Mục"":""Quần jeans"",""Thương hiệu"":""JBAGY"",""Chất liệu"":""Denim pha thun co giãn nhẹ"",""Xuất xứ"":""Việt Nam"",""Phong cách"":""Retro, Cổ điển"",""Mẫu"":""Ống loe xước nhẹ"",""Mùa"":""Bốn mùa"",""Tính năng"":""Tôn dáng, phong cách độc đáo"",""Hoàn cảnh"":""Party, Trình diễn, Chụp hình"",""Chiều dài quần"":""Dài chấm gót"",""Kiểu nút"":""Khóa kéo"",""Kiểu quần"":""Ống loe (Bootcut)""}",null,410.000 đ
Quần Bò Nam JBAGY Acid Wash Jeans Hiệu Ứng Loang Màu Streetwear Bụi Bặm JB11,Quần jeans,JBAGY,"{""Danh Mục"":""Quần jeans"",""Thương hiệu"":""JBAGY"",""Chất liệu"":""Denim 100% Cotton"",""Xuất xứ"":""Việt Nam"",""Phong cách"":""Grunge, Bụi bặm"",""Mẫu"":""Acid Wash (Loang màu)"",""Mùa"":""Bốn mùa"",""Tính năng"":""Màu sắc độc bản, không đụng hàng"",""Hoàn cảnh"":""Đi chơi, Concert âm nhạc"",""Chiều dài quần"":""Dài vừa phải"",""Kiểu nút"":""Cúc cài"",""Kiểu quần"":""Ống suông""}",null,520.000 đ
Quần bò nam BOO dáng đứng basic màu xanh đậm thêu logo Y2K phong cách đường phố nam nữ mặc đẹp BOO-J01,Quần jeans,BOO,"{""Danh Mục"":""Quần jeans"",""Thương hiệu"":""BOO"",""Chất liệu"":""Denim truyền thống"",""Xuất xứ"":""Việt Nam"",""Phong cách"":""Y2K, Đường phố"",""Mẫu"":""Thêu Logo"",""Mùa"":""Bốn mùa"",""Tính năng"":""Đứng form, bền bỉ"",""Hoàn cảnh"":""Gặp gỡ bạn bè, Đi học"",""Chiều dài quần"":""Dài"",""Kiểu nút"":""Khóa kéo"",""Kiểu quần"":""Ống đứng (Regular Fit)""}",null,550.000 đ
Quần Jeans Nam BOO Dáng Skinny Fit Ôm Sát Tôn Dáng Vải Bò Xước Phá Cách Cao Cấp BOO-J02,Quần jeans,BOO,"{""Danh Mục"":""Quần jeans"",""Thương hiệu"":""BOO"",""Chất liệu"":""Denim siêu co giãn"",""Xuất xứ"":""Việt Nam"",""Phong cách"":""Hiện đại, Ôm sát"",""Mẫu"":""Xước xé nhẹ"",""Mùa"":""Bốn mùa"",""Tính năng"":""Ôm sát cơ thể, co giãn cực mạnh"",""Hoàn cảnh"":""Đi bar, Club, Dạo phố"",""Chiều dài quần"":""Ngang mắt cá chân"",""Kiểu nút"":""Khóa kéo và cúc gài"",""Kiểu quần"":""Dáng bó (Skinny Fit)""}",null,580.000 đ
Quần jeans nam Adidas phong cách thể thao năng động vải denim co giãn thoải mái vận động dạo phố,Quần jeans,Adidas,"{""Danh Mục"":""Quần jeans"",""Thương hiệu"":""Adidas"",""Chất liệu"":""Denim pha thun co giãn"",""Xuất xứ"":""Việt Nam"",""Phong cách"":""Thể thao, Năng động"",""Mùa"":""Bốn mùa"",""Tính năng"":""Bền bỉ, co giãn tốt"",""Hoàn cảnh"":""Mặc hàng ngày, Đi chơi"",""Chiều dài quần"":""Dài vừa vặn"",""Kiểu nút"":""Khóa kéo và cúc gài"",""Kiểu quần"":""Ống đứng (Regular Fit)""}",null,850.000 đ
Quần Jeans Adidas Originals Streetwear Wash Đen Bụi Bặm Nam Nữ Unisex AD-J02,Quần jeans,Adidas,"{""Danh Mục"":""Quần jeans"",""Thương hiệu"":""Adidas"",""Chất liệu"":""Denim thô"",""Xuất xứ"":""Việt Nam"",""Phong cách"":""Streetwear, Cá tính"",""Mẫu"":""Wash đen khói, in logo dập nổi"",""Mùa"":""Bốn mùa"",""Tính năng"":""Đứng form, cá tính mạnh"",""Hoàn cảnh"":""Đi dạo phố, Sự kiện thời trang"",""Chiều dài quần"":""Dài qua mắt cá"",""Kiểu nút"":""Cúc kim loại"",""Kiểu quần"":""Ống rộng (Wide Leg)""}",null,1.250.000 đ
Quần jogger nam Coolmate nỉ cotton co giãn nhẹ tập gym chạy bộ mặc nhà thoải mái,Quần jogger,Coolmate,"{""Danh Mục"":""Quần jogger"",""Thương hiệu"":""Coolmate"",""Chất liệu"":""Nỉ cotton"",""Xuất xứ"":""Việt Nam"",""Phong cách"":""Thể thao, Thường ngày"",""Mẫu"":""Trơn"",""Mùa"":""Thu Đông"",""Tính năng"":""Co giãn tốt, giữ ấm nhẹ"",""Hoàn cảnh"":""Mặc nhà, Chạy bộ"",""Chiều dài quần"":""Dài bo gấu"",""Kiểu nút"":""Cạp chun dây rút"",""Kiểu quần"":""Jogger""}",null,299.000 đ
Quần Jogger Nam Coolmate Vải Gió Trượt Nước Siêu Nhẹ Thể Thao CM-JG01,Quần jogger,Coolmate,"{""Danh Mục"":""Quần jogger"",""Thương hiệu"":""Coolmate"",""Chất liệu"":""Vải gió (Polyester)"",""Xuất xứ"":""Việt Nam"",""Phong cách"":""Thể thao"",""Mẫu"":""Trơn basic"",""Mùa"":""Bốn mùa"",""Tính năng"":""Trượt nước, siêu nhẹ, cản gió"",""Hoàn cảnh"":""Tập Gym, Thể thao ngoài trời"",""Chiều dài quần"":""Dài bo gấu"",""Kiểu nút"":""Cạp chun"",""Kiểu quần"":""Jogger dù""}",null,350.000 đ
Coolmate Essential Jogger Pants Quần Nỉ Bo Gấu Dáng Basic Cho Nam Nữ,Quần jogger,Coolmate,"{""Danh Mục"":""Quần jogger"",""Thương hiệu"":""Coolmate"",""Chất liệu"":""Nỉ da cá"",""Xuất xứ"":""Việt Nam"",""Phong cách"":""Minimalist, Unisex"",""Mẫu"":""Trơn"",""Mùa"":""Thu Đông"",""Tính năng"":""Đứng form, thấm hút mồ hôi"",""Hoàn cảnh"":""Dạo phố, Mặc hàng ngày"",""Chiều dài quần"":""Dài vừa vặn"",""Kiểu nút"":""Cạp chun dây rút"",""Kiểu quần"":""Jogger nỉ""}",null,320.000 đ
Quần jogger túi hộp nam Coolmate vải kaki co giãn túi zipper tiện lợi năng động,Quần jogger,Coolmate,"{""Danh Mục"":""Quần jogger"",""Thương hiệu"":""Coolmate"",""Chất liệu"":""Kaki thun"",""Xuất xứ"":""Việt Nam"",""Phong cách"":""Năng động, Khỏe khoắn"",""Mẫu"":""Túi hộp (Cargo)"",""Mùa"":""Bốn mùa"",""Tính năng"":""Chứa nhiều đồ, co giãn 4 chiều"",""Hoàn cảnh"":""Đi phượt, Dã ngoại"",""Chiều dài quần"":""Dài bo chun"",""Kiểu nút"":""Cúc cài và cạp chun"",""Kiểu quần"":""Cargo Jogger""}",null,420.000 đ
Quần jogger nam GUZADO thể thao ống bo chun vải thun lạnh cản gió mặc tập gym chạy bộ,Quần jogger,GUZADO,"{""Danh Mục"":""Quần jogger"",""Thương hiệu"":""GUZADO"",""Chất liệu"":""Thun lạnh"",""Xuất xứ"":""Việt Nam"",""Phong cách"":""Thể thao chuyên dụng"",""Mẫu"":""Trơn viền sọc"",""Mùa"":""Mùa hè, Mùa thu"",""Tính năng"":""Làm mát, khô nhanh"",""Hoàn cảnh"":""Tập thể hình, Chạy bộ"",""Chiều dài quần"":""Dài ôm nhẹ"",""Kiểu nút"":""Cạp chun dây rút"",""Kiểu quần"":""Jogger thể thao""}",null,250.000 đ
Quần Jogger Thể Thao Nam GUZADO Siêu Nhẹ Nhanh Khô Kháng Khuẩn GZ-J99,Quần jogger,GUZADO,"{""Danh Mục"":""Quần jogger"",""Thương hiệu"":""GUZADO"",""Chất liệu"":""Poly Spandex"",""Xuất xứ"":""Việt Nam"",""Phong cách"":""Thể thao, Năng động"",""Mẫu"":""In logo phản quang"",""Mùa"":""Bốn mùa"",""Tính năng"":""Kháng khuẩn, siêu nhẹ"",""Hoàn cảnh"":""Đạp xe, Workout"",""Chiều dài quần"":""Dài bo gấu"",""Kiểu nút"":""Cạp chun tàng hình"",""Kiểu quần"":""Jogger""}",null,280.000 đ
GUZADO Activewear Jogger Vải Poly Spandex Lỗ Thoáng Khí Cao Cấp,Quần jogger,GUZADO,"{""Danh Mục"":""Quần jogger"",""Thương hiệu"":""GUZADO"",""Chất liệu"":""Spandex lưới"",""Xuất xứ"":""Việt Nam"",""Phong cách"":""Activewear"",""Mẫu"":""Phối dải lưới"",""Mùa"":""Mùa hè"",""Tính năng"":""Siêu thoáng khí, thoát nhiệt"",""Hoàn cảnh"":""Tập cường độ cao"",""Chiều dài quần"":""Dài bo chun"",""Kiểu nút"":""Cạp chun"",""Kiểu quần"":""Jogger Slimfit""}",null,310.000 đ
Quần jogger kaki nam GUZADO ống ôm dáng slimfit tôn dáng đi chơi dạo phố cực ngầu,Quần jogger,GUZADO,"{""Danh Mục"":""Quần jogger"",""Thương hiệu"":""GUZADO"",""Chất liệu"":""Kaki co giãn"",""Xuất xứ"":""Việt Nam"",""Phong cách"":""Trẻ trung, Cá tính"",""Mẫu"":""Trơn"",""Mùa"":""Bốn mùa"",""Tính năng"":""Tôn dáng, bền bỉ"",""Hoàn cảnh"":""Đi chơi, Cafe"",""Chiều dài quần"":""Ngang mắt cá bo gấu"",""Kiểu nút"":""Cạp chun sau, khóa kéo trước"",""Kiểu quần"":""Jogger Kaki""}",null,350.000 đ
Quần jogger nam CANIFA vải nỉ da cá dày dặn giữ ấm mùa đông mặc nhà đi dạo,Quần jogger,CANIFA,"{""Danh Mục"":""Quần jogger"",""Thương hiệu"":""CANIFA"",""Chất liệu"":""Nỉ da cá (French Terry)"",""Xuất xứ"":""Việt Nam"",""Phong cách"":""Cơ bản, Ấm áp"",""Mẫu"":""Trơn"",""Mùa"":""Mùa đông"",""Tính năng"":""Giữ ấm, dày dặn"",""Hoàn cảnh"":""Mặc nhà, Dạo phố mùa đông"",""Chiều dài quần"":""Dài bo gấu"",""Kiểu nút"":""Cạp chun dây rút to bản"",""Kiểu quần"":""Jogger nỉ""}",null,399.000 đ
Quần Jogger Nam CANIFA Basic Cạp Chun Dây Rút Mềm Mại CNF-J05,Quần jogger,CANIFA,"{""Danh Mục"":""Quần jogger"",""Thương hiệu"":""CANIFA"",""Chất liệu"":""Cotton pha"",""Xuất xứ"":""Việt Nam"",""Phong cách"":""Thường ngày, Tối giản"",""Mẫu"":""Trơn basic"",""Mùa"":""Thu Đông"",""Tính năng"":""Mềm mại, thân thiện với da"",""Hoàn cảnh"":""Mặc lót, Mặc ngủ"",""Chiều dài quần"":""Dài vừa vặn"",""Kiểu nút"":""Cạp chun"",""Kiểu quần"":""Jogger""}",null,350.000 đ
CANIFA Daily Jogger Pants Dáng Regular Tối Giản Dễ Phối Đồ,Quần jogger,CANIFA,"{""Danh Mục"":""Quần jogger"",""Thương hiệu"":""CANIFA"",""Chất liệu"":""Kaki thun mỏng"",""Xuất xứ"":""Việt Nam"",""Phong cách"":""Minimalist"",""Mẫu"":""Màu trơn trung tính"",""Mùa"":""Bốn mùa"",""Tính năng"":""Dễ phối đồ, không bai dão"",""Hoàn cảnh"":""Đi học, Đi làm tự do"",""Chiều dài quần"":""Dài bo chun nhẹ"",""Kiểu nút"":""Cạp chun giấu dây"",""Kiểu quần"":""Jogger Regular Fit""}",null,420.000 đ
Quần jogger thun nam CANIFA co giãn 4 chiều màu ghi xám trung tính phong cách basic,Quần jogger,CANIFA,"{""Danh Mục"":""Quần jogger"",""Thương hiệu"":""CANIFA"",""Chất liệu"":""Thun Cotton co giãn"",""Xuất xứ"":""Việt Nam"",""Phong cách"":""Cơ bản, Năng động"",""Mẫu"":""Màu ghi xám trơn"",""Mùa"":""Bốn mùa"",""Tính năng"":""Co giãn 4 chiều tuyệt đối"",""Hoàn cảnh"":""Thể dục buổi sáng, Mặc nhà"",""Chiều dài quần"":""Dài bo ống"",""Kiểu nút"":""Cạp chun"",""Kiểu quần"":""Jogger thun""}",null,299.000 đ
Quần jogger nam DIRTYCOINS ống rộng túi hộp hầm hố phong cách streetwear bụi bặm,Quần jogger,DIRTYCOINS,"{""Danh Mục"":""Quần jogger"",""Thương hiệu"":""DIRTYCOINS"",""Chất liệu"":""Kaki thô định lượng cao"",""Xuất xứ"":""Việt Nam"",""Phong cách"":""Streetwear, Hầm hố"",""Mẫu"":""Nhiều túi (Túi hộp Cargo)"",""Mùa"":""Bốn mùa"",""Tính năng"":""Form rộng cá tính, bền chắc"",""Hoàn cảnh"":""Đi quẩy, Sự kiện Hip-hop"",""Chiều dài quần"":""Dài rộng bo gấu"",""Kiểu nút"":""Cạp chun khóa bấm"",""Kiểu quần"":""Cargo Jogger"",""Rất lớn"":""Có""}",null,550.000 đ
Quần Jogger DIRTYCOINS In Logo Monogram Trẻ Trung Năng Động DC-J08,Quần jogger,DIRTYCOINS,"{""Danh Mục"":""Quần jogger"",""Thương hiệu"":""DIRTYCOINS"",""Chất liệu"":""Nỉ Cotton"",""Xuất xứ"":""Việt Nam"",""Phong cách"":""Trendy, Đường phố"",""Mẫu"":""In Monogram toàn quần"",""Mùa"":""Thu Đông"",""Tính năng"":""Họa tiết sắc nét, nổi bật"",""Hoàn cảnh"":""Dạo phố, Chụp ảnh OOTD"",""Chiều dài quần"":""Dài bo gấu"",""Kiểu nút"":""Cạp chun dây rút bọc kim loại"",""Kiểu quần"":""Jogger nỉ""}",null,480.000 đ
DIRTYCOINS Y2K Parachute Jogger Quần Dù Bo Gấu Rút Dây Phá Cách,Quần jogger,DIRTYCOINS,"{""Danh Mục"":""Quần jogger"",""Thương hiệu"":""DIRTYCOINS"",""Chất liệu"":""Vải dù Parachute"",""Xuất xứ"":""Việt Nam"",""Phong cách"":""Y2K, Phá cách"",""Mẫu"":""Gấu rút dây stopper"",""Mùa"":""Bốn mùa"",""Tính năng"":""Rộng rãi, cản gió, nhẹ"",""Hoàn cảnh"":""Đi chơi, Lên đồ tiệc tùng"",""Chiều dài quần"":""Dài thụng"",""Kiểu nút"":""Cạp chun rút dây stopper"",""Kiểu quần"":""Parachute Pants (Dù dù)""}",null,520.000 đ
Quần jogger nỉ DIRTYCOINS form rộng nam nữ unisex mặc đôi dạo phố chụp ảnh,Quần jogger,DIRTYCOINS,"{""Danh Mục"":""Quần jogger"",""Thương hiệu"":""DIRTYCOINS"",""Chất liệu"":""Nỉ bông (Fleece)"",""Xuất xứ"":""Việt Nam"",""Phong cách"":""Unisex, Trẻ trung"",""Mẫu"":""In graphic ống quần"",""Mùa"":""Thu Đông"",""Tính năng"":""Giữ nhiệt, đứng form"",""Hoàn cảnh"":""Mặc đôi, Đi chơi"",""Chiều dài quần"":""Dài bo chun"",""Kiểu nút"":""Cạp chun to bản"",""Kiểu quần"":""Jogger Oversize""}",null,450.000 đ
Quần jogger nam HEYMAN lót lông cừu siêu ấm mùa đông đại hàn cản gió tốt,Quần jogger,HEYMAN,"{""Danh Mục"":""Quần jogger"",""Thương hiệu"":""HEYMAN"",""Chất liệu"":""Vải gió lót lông cừu"",""Xuất xứ"":""Việt Nam"",""Phong cách"":""Ấm áp, Tiện lợi"",""Mẫu"":""Trơn"",""Mùa"":""Mùa đông"",""Tính năng"":""Chống rét đậm, cản gió 100%"",""Hoàn cảnh"":""Đi xe máy mùa đông, Đi đường dài"",""Chiều dài quần"":""Dài bo gấu khít"",""Kiểu nút"":""Cạp chun dây rút"",""Kiểu quần"":""Jogger lót lông""}",null,450.000 đ
Quần Jogger Nam HEYMAN Nỉ Chân Cua Thoáng Khí Dáng Rộng Thoải Mái HM-J02,Quần jogger,HEYMAN,"{""Danh Mục"":""Quần jogger"",""Thương hiệu"":""HEYMAN"",""Chất liệu"":""Nỉ chân cua"",""Xuất xứ"":""Việt Nam"",""Phong cách"":""Trẻ trung, Thoải mái"",""Mẫu"":""Trơn xước nhẹ"",""Mùa"":""Thu Đông"",""Tính năng"":""Thoáng khí, không xù lông"",""Hoàn cảnh"":""Mặc nhà, Đi học"",""Chiều dài quần"":""Dài rộng bo chun"",""Kiểu nút"":""Cạp chun dây rút tròn"",""Kiểu quần"":""Jogger nỉ""}",null,350.000 đ
HEYMAN Minimalist Sweatpants Quần Jogger Nỉ Trơn Basic Nam Nữ,Quần jogger,HEYMAN,"{""Danh Mục"":""Quần jogger"",""Thương hiệu"":""HEYMAN"",""Chất liệu"":""Nỉ Cotton pha"",""Xuất xứ"":""Việt Nam"",""Phong cách"":""Minimalist, Cơ bản"",""Mẫu"":""Màu be trơn"",""Mùa"":""Thu Đông"",""Tính năng"":""Dễ phối đồ, mềm nhẹ"",""Hoàn cảnh"":""Đi dạo, Mặc hàng ngày"",""Chiều dài quần"":""Dài vừa vặn"",""Kiểu nút"":""Cạp chun"",""Kiểu quần"":""Sweatpants (Jogger)""}",null,290.000 đ
Quần jogger kaki túi chéo HEYMAN phong cách Hàn Quốc trẻ trung đi học đi chơi,Quần jogger,HEYMAN,"{""Danh Mục"":""Quần jogger"",""Thương hiệu"":""HEYMAN"",""Chất liệu"":""Kaki co giãn nhẹ"",""Xuất xứ"":""Việt Nam"",""Phong cách"":""Hàn Quốc, Thanh lịch"",""Mẫu"":""Túi chéo sâu"",""Mùa"":""Bốn mùa"",""Tính năng"":""Lên form chuẩn, tôn chân"",""Hoàn cảnh"":""Đi học, Cafe"",""Chiều dài quần"":""Trên mắt cá chân bo gấu"",""Kiểu nút"":""Khóa kéo và cạp chun nửa sau"",""Kiểu quần"":""Jogger Kaki""}",null,380.000 đ
Quần kaki nam ARISTINO dáng ôm slimfit công sở cao cấp co giãn nhẹ không nhăn thanh lịch,Quần kaki,ARISTINO,"{""Danh Mục"":""Quần kaki"",""Thương hiệu"":""ARISTINO"",""Chất liệu"":""Kaki thun"",""Xuất xứ"":""Việt Nam"",""Phong cách"":""Công sở, Lịch lãm"",""Mẫu"":""Trơn"",""Mùa"":""Bốn mùa"",""Tính năng"":""Không nhăn, đứng nếp"",""Hoàn cảnh"":""Đi làm, Gặp đối tác"",""Chiều dài quần"":""Ngang mắt cá chân"",""Kiểu nút"":""Khóa kéo và cúc cài"",""Kiểu quần"":""Slimfit""}",null,650.000 đ
Quần Kaki Nam ARISTINO Premium Cotton Chống Bám Bụi Form Suông Đứng Dáng AK-01,Quần kaki,ARISTINO,"{""Danh Mục"":""Quần kaki"",""Thương hiệu"":""ARISTINO"",""Chất liệu"":""Premium Cotton Khaki"",""Xuất xứ"":""Việt Nam"",""Phong cách"":""Thanh lịch, Smart Casual"",""Mẫu"":""Trơn basic"",""Mùa"":""Bốn mùa"",""Tính năng"":""Chống bám bụi, mềm mại"",""Hoàn cảnh"":""Sự kiện, Đi làm"",""Chiều dài quần"":""Dài phủ gót"",""Kiểu nút"":""Cúc nhựa cao cấp"",""Kiểu quần"":""Ống suông (Straight)""}",null,720.000 đ
Quần Kaki ARISTINO Smart Casual Trousers Dáng Chinos Lịch Lãm Cho Nam,Quần kaki,ARISTINO,"{""Danh Mục"":""Quần kaki"",""Thương hiệu"":""ARISTINO"",""Chất liệu"":""Kaki pha Spandex"",""Xuất xứ"":""Việt Nam"",""Phong cách"":""Smart Casual"",""Mẫu"":""Trơn viền túi"",""Mùa"":""Bốn mùa"",""Tính năng"":""Co giãn 4 chiều, giữ form"",""Hoàn cảnh"":""Dạo phố, Cafe, Giao tiếp"",""Chiều dài quần"":""Dài vừa vặn"",""Kiểu nút"":""Khóa kéo"",""Kiểu quần"":""Chinos""}",null,690.000 đ
Quần kaki nam ống đứng ARISTINO màu be basic dễ phối đồ mặc đi làm đi chơi thoải mái AK-02,Quần kaki,ARISTINO,"{""Danh Mục"":""Quần kaki"",""Thương hiệu"":""ARISTINO"",""Chất liệu"":""Kaki Cotton 100%"",""Xuất xứ"":""Việt Nam"",""Phong cách"":""Cơ bản, Tối giản"",""Mẫu"":""Màu trơn"",""Mùa"":""Bốn mùa"",""Tính năng"":""Thoáng mát, thấm hút mồ hôi"",""Hoàn cảnh"":""Mặc hàng ngày, Đi làm"",""Chiều dài quần"":""Dài"",""Kiểu nút"":""Cúc cài và khóa kéo"",""Kiểu quần"":""Ống đứng (Regular)""}",null,550.000 đ
Quần kaki nam túi hộp ARMCEO ống rộng phong cách thể thao đường phố năng động vải dày dặn,Quần kaki,ARMCEO,"{""Danh Mục"":""Quần kaki"",""Thương hiệu"":""ARMCEO"",""Chất liệu"":""Kaki thô dày"",""Xuất xứ"":""Việt Nam"",""Phong cách"":""Streetwear, Thể thao"",""Mẫu"":""Nhiều túi (Túi hộp)"",""Mùa"":""Bốn mùa"",""Tính năng"":""Bền bỉ, chịu ma sát tốt"",""Hoàn cảnh"":""Đi phượt, Dã ngoại, Dạo phố"",""Chiều dài quần"":""Dài rộng"",""Kiểu nút"":""Cúc cài kim loại"",""Kiểu quần"":""Cargo Pants (Túi hộp)""}",null,480.000 đ
Quần Kaki Jogger Nam ARMCEO Bo Chun Năng Động Dễ Vận Động AM-K05,Quần kaki,ARMCEO,"{""Danh Mục"":""Quần kaki"",""Thương hiệu"":""ARMCEO"",""Chất liệu"":""Kaki thun co giãn"",""Xuất xứ"":""Việt Nam"",""Phong cách"":""Năng động, Trẻ trung"",""Mẫu"":""Trơn bo gấu"",""Mùa"":""Thu Đông"",""Tính năng"":""Co giãn tốt, tiện lợi"",""Hoàn cảnh"":""Đi dạo, Thể thao nhẹ"",""Chiều dài quần"":""Dài túm ống"",""Kiểu nút"":""Cạp chun dây rút"",""Kiểu quần"":""Jogger"",""Rất lớn"":""Có""}",null,390.000 đ
Quần Kaki ARMCEO Utility Cargo Pants Túi Hộp Đa Năng Streetwear Form Rộng,Quần kaki,ARMCEO,"{""Danh Mục"":""Quần kaki"",""Thương hiệu"":""ARMCEO"",""Chất liệu"":""Kaki Canvas"",""Xuất xứ"":""Việt Nam"",""Phong cách"":""Utilitarian, Đường phố"",""Mẫu"":""Túi hộp đa năng"",""Mùa"":""Bốn mùa"",""Tính năng"":""Chứa được nhiều đồ, form cứng cáp"",""Hoàn cảnh"":""Sự kiện ngoài trời, Đi chơi"",""Chiều dài quần"":""Dài qua mắt cá"",""Kiểu nút"":""Khóa kéo và cúc bấm"",""Kiểu quần"":""Ống rộng (Wide Leg)""}",null,520.000 đ
Quần Kaki Nam ARMCEO Ống Suông Basic Vải Kaki Thô Đứng Form AM-K09,Quần kaki,ARMCEO,"{""Danh Mục"":""Quần kaki"",""Thương hiệu"":""ARMCEO"",""Chất liệu"":""Kaki thô"",""Xuất xứ"":""Việt Nam"",""Phong cách"":""Cơ bản, Khỏe khoắn"",""Mẫu"":""Trơn"",""Mùa"":""Bốn mùa"",""Tính năng"":""Bền màu, dễ giặt ủi"",""Hoàn cảnh"":""Mặc hàng ngày, Đi làm"",""Chiều dài quần"":""Dài"",""Kiểu nút"":""Khóa kéo"",""Kiểu quần"":""Ống suông""}",null,420.000 đ
Quần kaki nam ATRASTINO cao cấp dáng tây âu lịch lãm vải chống nhăn tôn dáng mặc dự tiệc,Quần kaki,ATRASTINO,"{""Danh Mục"":""Quần kaki"",""Thương hiệu"":""ATRASTINO"",""Chất liệu"":""Kaki pha Wool"",""Xuất xứ"":""Việt Nam"",""Phong cách"":""Sang trọng, Đẳng cấp"",""Mẫu"":""Trơn cao cấp"",""Mùa"":""Bốn mùa"",""Tính năng"":""Mặt vải mịn, chống nhăn tuyệt đối"",""Hoàn cảnh"":""Dự tiệc, Sự kiện trang trọng"",""Chiều dài quần"":""Dài chạm giày"",""Kiểu nút"":""Móc gài tàng hình"",""Kiểu quần"":""Slimfit (Dáng âu)""}",null,950.000 đ
Quần Kaki Nam ATRASTINO Dáng Chinos Slimfit Vải Nano Mát Lạnh Mùa Hè ATK-99,Quần kaki,ATRASTINO,"{""Danh Mục"":""Quần kaki"",""Thương hiệu"":""ATRASTINO"",""Chất liệu"":""Kaki Nano"",""Xuất xứ"":""Việt Nam"",""Phong cách"":""Hiện đại, Smart Casual"",""Mẫu"":""Trơn"",""Mùa"":""Mùa hè"",""Tính năng"":""Làm mát, kháng khuẩn"",""Hoàn cảnh"":""Họp mặt, Gặp khách hàng"",""Chiều dài quần"":""Ngang mắt cá"",""Kiểu nút"":""Cúc gài"",""Kiểu quần"":""Chinos""}",null,820.000 đ
Quần Kaki ATRASTINO Tailored Khaki Trousers Phong Cách Sartorial Sang Trọng,Quần kaki,ATRASTINO,"{""Danh Mục"":""Quần kaki"",""Thương hiệu"":""ATRASTINO"",""Chất liệu"":""Cotton Khaki định lượng cao"",""Xuất xứ"":""Việt Nam"",""Phong cách"":""Sartorial, Cổ điển"",""Mẫu"":""Sidetab đai sườn"",""Mùa"":""Thu Đông"",""Tính năng"":""Cạp điều chỉnh thông minh"",""Hoàn cảnh"":""Lễ cưới, Event VIP"",""Chiều dài quần"":""Dài"",""Kiểu nút"":""Đai cài Sidetab, Khóa kéo"",""Kiểu quần"":""Tailored Fit""}",null,1.150.000 đ
Quần kaki công sở nam ATRASTINO màu ghi xám xếp ly trước thanh lịch ATK-88,Quần kaki,ATRASTINO,"{""Danh Mục"":""Quần kaki"",""Thương hiệu"":""ATRASTINO"",""Chất liệu"":""Kaki pha Rayon"",""Xuất xứ"":""Việt Nam"",""Phong cách"":""Công sở cổ điển"",""Mẫu"":""Xếp ly (Pleated)"",""Mùa"":""Bốn mùa"",""Tính năng"":""Tạo độ phồng nhẹ, thoải mái vùng hông"",""Hoàn cảnh"":""Văn phòng, Ký kết hợp đồng"",""Chiều dài quần"":""Dài"",""Kiểu nút"":""Cúc nhựa dập logo"",""Kiểu quần"":""Regular Fit xếp ly""}",null,890.000 đ
Quần kaki nam AVANCOMAN ống suông rộng phong cách Hàn Quốc trẻ trung dễ phối đồ dạo phố,Quần kaki,AVANCOMAN,"{""Danh Mục"":""Quần kaki"",""Thương hiệu"":""AVANCOMAN"",""Chất liệu"":""Kaki mềm"",""Xuất xứ"":""Việt Nam"",""Phong cách"":""Hàn Quốc, Trẻ trung"",""Mẫu"":""Trơn"",""Mùa"":""Mùa hè, Mùa thu"",""Tính năng"":""Rộng rãi, dễ vận động"",""Hoàn cảnh"":""Dạo phố, Cafe, Đi học"",""Chiều dài quần"":""Dài phủ gót"",""Kiểu nút"":""Khóa kéo YKK"",""Kiểu quần"":""Ống suông rộng""}",null,380.000 đ
Quần Kaki Nam AVANCOMAN Cạp Chun Ẩn Vải Tuyết Mưa Mềm Mịn Đứng Dáng AV-K01,Quần kaki,AVANCOMAN,"{""Danh Mục"":""Quần kaki"",""Thương hiệu"":""AVANCOMAN"",""Chất liệu"":""Kaki pha tuyết mưa"",""Xuất xứ"":""Việt Nam"",""Phong cách"":""Hiện đại, Tối giản"",""Mẫu"":""Trơn basic"",""Mùa"":""Bốn mùa"",""Tính năng"":""Cạp chun thoải mái vòng bụng"",""Hoàn cảnh"":""Đi làm, Đi chơi"",""Chiều dài quần"":""Ngang mắt cá"",""Kiểu nút"":""Cạp chun sau, khóa kéo trước"",""Kiểu quần"":""Baggy""}",null,350.000 đ
Quần Kaki AVANCOMAN Minimalist Straight Pants Dáng Đứng Tối Giản Cho Nam Nữ,Quần kaki,AVANCOMAN,"{""Danh Mục"":""Quần kaki"",""Thương hiệu"":""AVANCOMAN"",""Chất liệu"":""Kaki Cotton"",""Xuất xứ"":""Việt Nam"",""Phong cách"":""Minimalist, Unisex"",""Mẫu"":""Màu be trơn"",""Mùa"":""Bốn mùa"",""Tính năng"":""Dễ phối đồ, unisex"",""Hoàn cảnh"":""Mặc hàng ngày, Đi học"",""Chiều dài quần"":""Dài"",""Kiểu nút"":""Cúc gài kim loại"",""Kiểu quần"":""Ống đứng""}",null,320.000 đ
Quần kaki thun nam AVANCOMAN co giãn 4 chiều màu đen basic mặc đi học đi làm AV-K02,Quần kaki,AVANCOMAN,"{""Danh Mục"":""Quần kaki"",""Thương hiệu"":""AVANCOMAN"",""Chất liệu"":""Kaki thun co giãn cực tốt"",""Xuất xứ"":""Việt Nam"",""Phong cách"":""Cơ bản, Năng động"",""Mẫu"":""Đen trơn"",""Mùa"":""Bốn mùa"",""Tính năng"":""Siêu co giãn, không bai dão"",""Hoàn cảnh"":""Mặc đi làm, Thể thao nhẹ"",""Chiều dài quần"":""Dài vừa vặn"",""Kiểu nút"":""Khóa kéo"",""Kiểu quần"":""Slimfit""}",null,340.000 đ
Quần kaki túi hộp nam BOO ống rộng rút dây gấu quần phong cách Y2K cực chất đi quẩy,Quần kaki,BOO,"{""Danh Mục"":""Quần kaki"",""Thương hiệu"":""BOO"",""Chất liệu"":""Kaki dù nhẹ"",""Xuất xứ"":""Việt Nam"",""Phong cách"":""Y2K, Streetwear"",""Mẫu"":""Túi hộp, Gấu rút dây (Parachute)"",""Mùa"":""Bốn mùa"",""Tính năng"":""Chống bụi, form phồng cá tính"",""Hoàn cảnh"":""Đi quẩy, Sự kiện âm nhạc"",""Chiều dài quần"":""Dài"",""Kiểu nút"":""Cạp chun dây rút"",""Kiểu quần"":""Parachute Pants"",""Rất lớn"":""Có""}",null,550.000 đ
Quần Kaki Nam BOO Wash Bụi Bặm Dáng Baggy Trẻ Trung Năng Động BOO-K10,Quần kaki,BOO,"{""Danh Mục"":""Quần kaki"",""Thương hiệu"":""BOO"",""Chất liệu"":""Kaki thô Wash"",""Xuất xứ"":""Việt Nam"",""Phong cách"":""Bụi bặm, Đường phố"",""Mẫu"":""Wash bạc màu"",""Mùa"":""Bốn mùa"",""Tính năng"":""Độc bản, mềm mại do đã qua xử lý Wash"",""Hoàn cảnh"":""Đi chơi, Lên phố"",""Chiều dài quần"":""Qua mắt cá"",""Kiểu nút"":""Cúc gài"",""Kiểu quần"":""Baggy""}",null,490.000 đ
Quần Kaki BOO Oversized Parachute Pants Phong Cách Đường Phố Unisex B-K99,Quần kaki,BOO,"{""Danh Mục"":""Quần kaki"",""Thương hiệu"":""BOO"",""Chất liệu"":""Kaki pha Nylon"",""Xuất xứ"":""Việt Nam"",""Phong cách"":""Streetstyle, Unisex"",""Mẫu"":""Trơn khối lớn"",""Mùa"":""Bốn mùa"",""Tính năng"":""Nhẹ, rộng rãi, cản gió nhẹ"",""Hoàn cảnh"":""Chụp ảnh OOTD, Dạo phố"",""Chiều dài quần"":""Dài thùng thình"",""Kiểu nút"":""Dây rút cạp"",""Kiểu quần"":""Oversize""}",null,520.000 đ
Quần Kaki Ống Rộng Nam Nữ BOO Cơ Bản Thêu Logo Gấu Dễ Thương BOO-K88,Quần kaki,BOO,"{""Danh Mục"":""Quần kaki"",""Thương hiệu"":""BOO"",""Chất liệu"":""Kaki Cotton dày dặn"",""Xuất xứ"":""Việt Nam"",""Phong cách"":""Trẻ trung, Dễ thương"",""Mẫu"":""Thêu logo Gấu BOO"",""Mùa"":""Bốn mùa"",""Tính năng"":""Đứng form, đường may chắc chắn"",""Hoàn cảnh"":""Đi học, Hẹn hò, Mặc đôi"",""Chiều dài quần"":""Dài"",""Kiểu nút"":""Khóa kéo"",""Kiểu quần"":""Ống rộng (Wide Leg)""}",null,450.000 đ
Quần short nam kaki trơn cao cấp vải mềm co giãn nhẹ AVANCOMAN,Quần short,AVANCOMAN,"{""Danh Mục"":""Quần short"",""Thương hiệu"":""AVANCOMAN"",""Chất liệu"":""Kaki mềm co giãn"",""Xuất xứ"":""Việt Nam"",""Phong cách"":""Trẻ trung, Năng động"",""Mẫu"":""Trơn"",""Mùa"":""Mùa hè"",""Tính năng"":""Co giãn nhẹ, Thoáng mát"",""Hoàn cảnh"":""Hằng ngày, Đi chơi, Dạo phố"",""Chiều dài quần"":""Quần lửng"",""Kiểu quần"":""Quần short kaki""}",https://shopee.vn/Qu%E1%BA%A7n-short-nam-kaki-tr%C6%A1n-cao-c%E1%BA%A5p-v%E1%BA%A3i-m%E1%BB%81m-co-gi%C3%A3n-nh%E1%BA%B9-ki%E1%BB%83u-d%C3%A1ng-l%E1%BB%ADng-m%E1%BA%B7c-c%E1%BB%B1c-%C4%91%E1%BA%B9p-AVANCOMAN-i.198069764.28705945999?extraParams=%7B%22display_model_id%22%3A256240927940%2C%22model_selection_logic%22%3A3%7D,100.000đ
Quần short nam ROWAY vải kaki co giãn nhẹ form regular,Quần short,ROWAY,"{""Danh Mục"":""Quần short"",""Thương hiệu"":""ROWAY"",""Chất liệu"":""Kaki co giãn"",""Xuất xứ"":""Việt Nam"",""Phong cách"":""Cơ bản, Trẻ trung"",""Mẫu"":""Trơn"",""Mùa"":""Mùa hè"",""Tính năng"":""Co giãn nhẹ, Thoáng mát, Bền màu"",""Hoàn cảnh"":""Hằng ngày, Đi chơi, Dạo phố"",""Chiều dài quần"":""Quần ngắn / Quần lửng"",""Kiểu quần"":""Regular short""}",https://shopee.vn/Qu%E1%BA%A7n-short-nam-ROWAY-v%E1%BA%A3i-kaki-co-gi%C3%A3n-nh%E1%BA%B9-form-regular-short-i.358123846.7684367796?extraParams=%7B%22display_model_id%22%3A168125245878%2C%22model_selection_logic%22%3A3%7D,155.000 đ
Quần short ROWAY vải âu cotton thoáng mát cạp chun,Quần short,ROWAY,"{""Danh Mục"":""Quần short"",""Thương hiệu"":""ROWAY"",""Chất liệu"":""Vải âu cotton"",""Xuất xứ"":""Việt Nam"",""Phong cách"":""Trẻ trung, Thoải mái"",""Mẫu"":""Trơn"",""Mùa"":""Mùa hè"",""Tính năng"":""Thoáng mát, Co giãn nhẹ"",""Hoàn cảnh"":""Hằng ngày, Đi chơi, Mặc nhà"",""Chiều dài quần"":""Quần ngắn"",""Kiểu quần"":""Quần short chun""}",https://shopee.vn/-MUA-2-GI%E1%BA%A2M-20-Qu%E1%BA%A7n-short-ROWAY-v%E1%BA%A3i-%C3%A2u-cotton-tho%C3%A1ng-m%C3%A1t-Qu%E1%BA%A7n-short-chun-i.358123846.23741886755?extraParams=%7B%22display_model_id%22%3A194281559007%2C%22model_selection_logic%22%3A3%7D,155.000 đ
Quần short kaki TORANO form basic bọc viền dây dệt sườn FSBK012,Quần short,TORANO,"{""Danh Mục"":""Quần short"",""Thương hiệu"":""TORANO"",""Chất liệu"":""97% Cotton, 3% Spandex"",""Xuất xứ"":""Việt Nam"",""Phong cách"":""Trẻ trung, Năng động"",""Mẫu"":""Trơn, Bọc viền dây dệt sườn"",""Mùa"":""Mùa hè"",""Tính năng"":""Thấm hút mồ hôi, Co giãn, Bền màu, Không bai xù"",""Hoàn cảnh"":""Hằng ngày, Đi chơi, Thể thao"",""Chiều dài quần"":""Quần ngắn"",""Kiểu nút"":""Lưng chun / Cạp chun"",""Kiểu quần"":""Slimfit hơi ôm""}",https://shopee.vn/Qu%E1%BA%A7n-short-kaki-TORANO-form-basic-b%E1%BB%8Dc-vi%E1%BB%81n-d%C3%A2y-d%E1%BB%87t-s%C6%B0%E1%BB%9Dn-ch%E1%BA%A5t-li%E1%BB%87u-cao-c%E1%BA%A5p-b%E1%BB%81n-m%C3%A0u-FSBK012-i.835435.21124880437?extraParams=%7B%22display_model_id%22%3A49411357943%2C%22model_selection_logic%22%3A3%7D,263.000đ
Quần Short Gió BOOLAAB Boxer phối cạp chất liệu gió cao cấp,Quần short,BOO,"{""Danh Mục"":""Quần short"",""Thương hiệu"":""BOOLAAB (BOO)"",""Chất liệu"":""Vải gió cao cấp"",""Xuất xứ"":""Việt Nam"",""Phong cách"":""Thể thao, Đường phố"",""Mẫu"":""Phối cạp Boxer"",""Mùa"":""Mùa hè"",""Tính năng"":""Cản gió, Nhẹ, Thoáng khí, Nhanh khô"",""Hoàn cảnh"":""Đi chơi, Thể thao, Hằng ngày"",""Chiều dài quần"":""Quần ngắn"",""Kiểu nút"":""Cạp chun phối""}",https://shopee.vn/Qu%E1%BA%A7n-Short-Gi%C3%B3-BOOLAAB-Boxer-ph%E1%BB%91i-c%E1%BA%A1p-ch%E1%BA%A5t-li%E1%BB%87u-gi%C3%B3-cao-c%E1%BA%A5p-i.17271526.41557017387?extraParams=%7B%22display_model_id%22%3A258587824773%2C%22model_selection_logic%22%3A3%7D,349.000 đ
Quần short kaki ARMCEO co giãn cao cấp vừa thanh lịch vừa thoải mái N02,Quần short,ARMCEO,"{""Danh Mục"":""Quần short"",""Thương hiệu"":""ARMCEO"",""Chất liệu"":""Kaki co giãn cao cấp"",""Xuất xứ"":""Việt Nam"",""Phong cách"":""Thanh lịch, Trẻ trung, Năng động"",""Mẫu"":""Trơn"",""Mùa"":""Mùa hè, Bốn mùa"",""Tính năng"":""Co giãn thoải mái, Giữ form tốt, Bền màu"",""Hoàn cảnh"":""Đi chơi, Dạo phố, Du lịch, Hằng ngày"",""Chiều dài quần"":""Quần ngắn (Short)"",""Kiểu nút"":""Nút cài và khóa kéo"",""Kiểu quần"":""Ống đứng vừa vặn""}",https://shopee.vn/Qu%E1%BA%A7n-short-kaki-ARMCEO-co-gi%C3%A3n-cao-c%E1%BA%A5p-v%E1%BB%ABa-thanh-l%E1%BB%8Bch-v%E1%BB%ABa-tho%E1%BA%A3i-m%C3%A1i-N02-i.842092370.29585988719?extraParams=%7B%22display_model_id%22%3A216065732556%2C%22model_selection_logic%22%3A3%7D,189.000đ
[NEW] Quần short nam Chất liệu Jean Cao Cấp Form Regular thoải mái linh hoạt POLOMANOR,Quần short,POLOMANOR,"{""Danh Mục"":""Quần short"",""Thương hiệu"":""POLOMANOR"",""Chất liệu"":""Jean (Denim) cao cấp"",""Xuất xứ"":""Việt Nam"",""Phong cách"":""Năng động, Trẻ trung, Casual"",""Mẫu"":""Trơn / Denim"",""Mùa"":""Mùa hè, Bốn mùa"",""Tính năng"":""Form Regular thoải mái, Bền bỉ, Linh hoạt, Dễ phối đồ"",""Hoàn cảnh"":""Đi chơi, Dạo phố, Hằng ngày, Du lịch"",""Chiều dài quần"":""Quần ngắn (Short)"",""Kiểu nút"":""Nút cài và khóa kéo"",""Kiểu quần"":""Ống suông vừa vặn (Regular fit)""}",https://shopee.vn/-DEAL-S%E1%BB%90C-size-29-Qu%E1%BA%A7n-d%C3%A0i-t%C3%A2y-nam-CLASSIC-PANTS-BST-Social-Circle-v%E1%BA%A3i-t%C3%A2y-cao-c%E1%BA%A5p-ki%E1%BB%83u-d%C3%A1ng-x%E1%BA%BFp-li-POLOMANOR-i.225909574.29405616325?extraParams=%7B%22display_model_id%22%3A256216931358%2C%22model_selection_logic%22%3A3%7D&sp_atk=4896c56c-7165-41a2-936d-7f03ddddb156&xptdk=4896c56c-7165-41a2-936d-7f03ddddb156,299.000đ
Quần short kaki nam Atrastino co giãn dầy dặn mềm mịn form ngắn trên gối trẻ trung short 001,Quần short,ATRASTINO,"{""Danh Mục"":""Quần short"",""Thương hiệu"":""Atrastino"",""Chất liệu"":""Kaki co giãn dày dặn, mềm mịn"",""Xuất xứ"":""Việt Nam"",""Phong cách"":""Trẻ trung, Năng động, Casual"",""Mẫu"":""Trơn"",""Mùa"":""Mùa hè"",""Tính năng"":""Form ngắn trên gối, Co giãn thoải mái, Giữ form tốt"",""Hoàn cảnh"":""Đi chơi, Dạo phố, Du lịch, Mặc hằng ngày"",""Chiều dài quần"":""Quần ngắn (Short trên gối)"",""Kiểu nút"":""Nút cài và khóa kéo"",""Kiểu quần"":""Ống đứng vừa vặn (Regular fit)""}",https://shopee.vn/Qu%E1%BA%A7n-short-kaki-nam-Atrastino-co-gi%C3%A3n-d%E1%BA%A7y-d%E1%BA%B7n-m%E1%BB%81m-m%E1%BB%8Bn-form-ng%E1%BA%AFn-tr%C3%AAn-g%E1%BB%91i-tr%E1%BA%BB-trung-short-001-i.182478864.18984519010?extraParams=%7B%22display_model_id%22%3A128751242724%2C%22model_selection_logic%22%3A3%7D,189.000đ
Quần short nam IVY đùi vải nỉ chân cua co giãn 4 chiều phong cách thể thao mặc nhà tập gym năng động,Quần short,IVY,"{""Danh Mục"":""Quần short"",""Thương hiệu"":""IVY"",""Chất liệu"":""Nỉ chân cua (80% Cotton, 20% Polyester)"",""Xuất xứ"":""Việt Nam"",""Phong cách"":""Thể thao, Casual"",""Mẫu"":""Trơn"",""Mùa"":""Bốn mùa"",""Tính năng"":""Thoáng khí, co giãn tốt, không xù lông"",""Hoàn cảnh"":""Mặc nhà, Tập thể thao, Chạy bộ"",""Chiều dài quần"":""Trên đầu gối"",""Rất lớn"":""Có (đến 3XL)"",""Kiểu nút"":""Dây rút"",""Kiểu quần"":""Quần short đùi""}",null,185.000 đ
Quần short kaki nam IVY dáng basic công sở thanh lịch vải dày dặn không nhăn form slimfit tôn dáng,Quần short,IVY,"{""Danh Mục"":""Quần short"",""Thương hiệu"":""IVY"",""Chất liệu"":""Kaki cao cấp"",""Xuất xứ"":""Việt Nam"",""Phong cách"":""Thanh lịch, Hàn Quốc"",""Mẫu"":""Trơn"",""Mùa"":""Mùa hè"",""Tính năng"":""Không nhăn, giữ form tốt"",""Hoàn cảnh"":""Đi làm, Đi chơi, Hẹn hò"",""Chiều dài quần"":""Ngang gối"",""Kiểu nút"":""Nút cài và khóa kéo"",""Kiểu quần"":""Quần short Kaki""}",null,200.000 đ
Quần short jean nam IVY xanh basic rách gối cá tính chất bò denim co giãn phong cách đường phố trẻ trung,Quần short,IVY,"{""Danh Mục"":""Quần short"",""Thương hiệu"":""IVY"",""Chất liệu"":""Denim co giãn"",""Xuất xứ"":""Việt Nam"",""Phong cách"":""Streetwear"",""Mẫu"":""Rách/Washed"",""Mùa"":""Bốn mùa"",""Tính năng"":""Bền màu, co giãn nhẹ"",""Hoàn cảnh"":""Đi chơi, dạo phố, party"",""Chiều dài quần"":""Ngang gối"",""Kiểu nút"":""Nút kim loại"",""Kiểu quần"":""Quần short Denim""}",null,220.000 đ
Quần short gió nam IVY tập gym chạy bộ 2 lớp lót trong chống lộ vải dù cao cấp nhanh khô siêu nhẹ,Quần short,IVY,"{""Danh Mục"":""Quần short"",""Thương hiệu"":""IVY"",""Chất liệu"":""Vải dù, Polyester"",""Xuất xứ"":""Indonesia"",""Phong cách"":""Thể thao chuyên dụng"",""Mẫu"":""Logo ép nhiệt"",""Mùa"":""Mùa hè"",""Tính năng"":""Nhanh khô, kháng khuẩn, chống tia UV"",""Hoàn cảnh"":""Tập Gym, Chạy bộ, Đá bóng"",""Chiều dài quần"":""Trên đầu gối"",""Rất lớn"":""Có"",""Kiểu nút"":""Chun co giãn"",""Kiểu quần"":""Quần short gió""}",null,150.000 đ
Quần short đũi nam VIMAX ống rộng phong cách vintage vải đũi xước tự nhiên thoáng mát đi biển cực chất,Quần short,VIMAX,"{""Danh Mục"":""Quần short"",""Thương hiệu"":""VIMAX"",""Chất liệu"":""Đũi xước thiên nhiên"",""Xuất xứ"":""Việt Nam"",""Phong cách"":""Vintage, Minimalist"",""Mẫu"":""Vân xước"",""Mùa"":""Mùa hè"",""Tính năng"":""Mát, thấm hút mồ hôi cực tốt"",""Hoàn cảnh"":""Đi biển, du lịch, mặc nhà"",""Chiều dài quần"":""Ngang gối"",""Rất lớn"":""Có"",""Kiểu nút"":""Dây buộc"",""Kiểu quần"":""Quần short đũi""}",null,190.000 đ
Quần short túi hộp nam VIMAX Cargo Shorts vải kaki dày dặn túi hộp tiện lợi phong cách lính khỏe khoắn,Quần short,VIMAX,"{""Danh Mục"":""Quần short"",""Thương hiệu"":""VIMAX"",""Chất liệu"":""Kaki Canvas"",""Xuất xứ"":""Việt Nam"",""Phong cách"":""Military, Outdoor"",""Mẫu"":""Nhiều túi"",""Mùa"":""Bốn mùa"",""Tính năng"":""Bền bỉ, nhiều ngăn chứa đồ"",""Hoàn cảnh"":""Dã ngoại, làm việc, đi chơi"",""Chiều dài quần"":""Qua đầu gối"",""Rất lớn"":""Có"",""Kiểu nút"":""Cúc bấm"",""Kiểu quần"":""Quần Cargo""}",null,250.000 đ
Quần short nam VIMAX thun lạnh mặc nhà họa tiết hoạt hình dễ thương vải mềm mịn không phai màu,Quần short,VIMAX,"{""Danh Mục"":""Quần short"",""Thương hiệu"":""VIMAX"",""Chất liệu"":""Thun lạnh"",""Xuất xứ"":""Việt Nam"",""Phong cách"":""Trẻ trung, Cute"",""Mẫu"":""In hình/Họa tiết"",""Mùa"":""Mùa hè"",""Tính năng"":""Mát lạnh, không nhăn"",""Hoàn cảnh"":""Mặc ngủ, mặc nhà"",""Chiều dài quần"":""Đùi ngắn"",""Kiểu nút"":""Cạp chun"",""Kiểu quần"":""Quần đùi thun""}",null,199.000 đ
Quần short nam VENI đi biển họa tiết Tropical hoa lá sặc sỡ vải dù nhanh khô đi bơi đi du lịch mùa hè,Quần short,VENI,"{""Danh Mục"":""Quần short"",""Thương hiệu"":""VENI"",""Chất liệu"":""Polyester kháng nước"",""Xuất xứ"":""Việt Nam"",""Phong cách"":""Du lịch"",""Mẫu"":""Họa tiết Tropical"",""Mùa"":""Mùa hè"",""Tính năng"":""Nhanh khô, nhẹ"",""Hoàn cảnh"":""Đi biển, hồ bơi"",""Chiều dài quần"":""Trên đầu gối"",""Rất lớn"":""Có"",""Kiểu nút"":""Dây rút"",""Kiểu quần"":""Quần Boardshort""}",null,245.000 đ
Quần short tây nam VENI vải tuyết mưa cao cấp phong cách Hàn Quốc phối sơ mi cực đẹp lịch lãm,Quần short,VENI,"{""Danh Mục"":""Quần short"",""Thương hiệu"":""VENI"",""Chất liệu"":""Vải tuyết mưa (Vitex)"",""Xuất xứ"":""Việt Nam"",""Phong cách"":""Smart Casual"",""Mẫu"":""Trơn kẻ chìm"",""Mùa"":""Bốn mùa"",""Tính năng"":""Giữ ly, không bám bụi"",""Hoàn cảnh"":""Tiệc nhẹ, đi chơi sang trọng"",""Chiều dài quần"":""Ngang gối"",""Kiểu nút"":""Móc cài"",""Kiểu quần"":""Quần short âu""}",null,219.000 đ
Quần short nam VENI jogger vải nỉ tăm co giãn dáng lửng trẻ trung năng động mặc hàng ngày,Quần short,VENI,"{""Danh Mục"":""Quần short"",""Thương hiệu"":""VENI"",""Chất liệu"":""Nỉ tăm"",""Xuất xứ"":""Việt Nam"",""Phong cách"":""Basic, Năng động"",""Mẫu"":""Gân tăm"",""Mùa"":""Thu Đông"",""Tính năng"":""Co giãn, giữ nhiệt nhẹ"",""Hoàn cảnh"":""Dạo phố, cafe, mặc nhà"",""Chiều dài quần"":""Ngang gối"",""Rất lớn"":""Có"",""Kiểu nút"":""Dây rút cạp chun"",""Kiểu quần"":""Quần short jogger""}",null,219.000 đ
Quần short nam Adidas thể thao tập gym đánh cầu lông vải thun poly mềm nhẹ tản nhiệt cực nhanh,Quần short,Adidas,"{""Danh Mục"":""Quần short"",""Thương hiệu"":""Adidas"",""Chất liệu"":""Thun Poly (Công nghệ AEROREADY)"",""Xuất xứ"":""Việt Nam"",""Phong cách"":""Thể thao chuyên dụng"",""Mẫu"":""Trơn phối 3 sọc"",""Mùa"":""Mùa hè"",""Tính năng"":""Thoáng khí, thấm hút mồ hôi, nhẹ nhàng"",""Hoàn cảnh"":""Đánh cầu lông, Tập Gym, Chạy bộ"",""Chiều dài quần"":""Trên đầu gối"",""Kiểu nút"":""Cạp chun dây rút"",""Kiểu quần"":""Short thể thao""}",null,650.000 đ
Quần Short Adidas Originals 3-Stripes Casual Shorts Năng Động Mặc Hàng Ngày AD-S05,Quần short,Adidas,"{""Danh Mục"":""Quần short"",""Thương hiệu"":""Adidas"",""Chất liệu"":""Cotton French Terry (Nỉ chân cua)"",""Xuất xứ"":""Việt Nam"",""Phong cách"":""Thường ngày, Năng động"",""Mẫu"":""3 sọc dọc viền hông"",""Mùa"":""Bốn mùa"",""Tính năng"":""Mềm mại, thoải mái"",""Hoàn cảnh"":""Dạo phố, Mặc nhà, Cafe"",""Chiều dài quần"":""Ngang gối"",""Kiểu nút"":""Cạp chun"",""Kiểu quần"":""Short nỉ thun""}",null,750.000 đ
Quần lót nam tam giác OWEN cotton co giãn 4 chiều kháng khuẩn thông thoáng thấm hút mồ hôi,Quần lót,OWEN,"{""Danh Mục"":""Quần tam giác"",""Thương hiệu"":""OWEN"",""Chất liệu"":""Cotton Spandex"",""Xuất xứ"":""Việt Nam"",""Phong cách"":""Cơ bản, Nam tính"",""Mẫu"":""Trơn"",""Mùa"":""Bốn mùa"",""Tính năng"":""Kháng khuẩn, co giãn 4 chiều, thấm hút mồ hôi"",""Hoàn cảnh"":""Mặc hàng ngày, Vận động""}",null,65.000 đ
Quần Lót Tam Giác Nam OWEN Premium Cotton Soft Ôm Body Thoải Mái OW-TG01,Quần lót,OWEN,"{""Danh Mục"":""Quần tam giác"",""Thương hiệu"":""OWEN"",""Chất liệu"":""Premium Cotton"",""Xuất xứ"":""Việt Nam"",""Phong cách"":""Thanh lịch"",""Mẫu"":""Trơn phối lưng thun chữ"",""Mùa"":""Bốn mùa"",""Tính năng"":""Mềm mịn, không gây kích ứng"",""Hoàn cảnh"":""Hằng ngày""}",null,85.000 đ
Quần lót tam giác nam ROWAY phong cách thể thao năng động vải thun lạnh cực mát mặc tập gym,Quần lót,ROWAY,"{""Danh Mục"":""Quần tam giác"",""Thương hiệu"":""ROWAY"",""Chất liệu"":""Thun lạnh (Ice Silk)"",""Xuất xứ"":""Việt Nam"",""Phong cách"":""Thể thao, Năng động"",""Mẫu"":""Trơn phối màu"",""Mùa"":""Mùa hè"",""Tính năng"":""Thoát nhiệt nhanh, nhẹ, nhanh khô"",""Hoàn cảnh"":""Tập gym, Thể thao ngoài trời""}",null,55.000 đ
ROWAY Active Briefs Quần Lót Tam Giác Nam Thể Thao Co Giãn Đa Chiều RW-TG05,Quần lót,ROWAY,"{""Danh Mục"":""Quần tam giác"",""Thương hiệu"":""ROWAY"",""Chất liệu"":""Poly Spandex"",""Xuất xứ"":""Việt Nam"",""Phong cách"":""Mạnh mẽ"",""Mẫu"":""In logo thể thao"",""Mùa"":""Bốn mùa"",""Tính năng"":""Hỗ trợ vận động, co giãn cực tốt"",""Hoàn cảnh"":""Chơi bóng đá, Chạy bộ""}",null,70.000 đ
Quần lót tam giác nam SUKIYA phong cách Nhật Bản vải đũi nhẹ tênh tối giản thoáng mát mùa hè,Quần lót,SUKIYA,"{""Danh Mục"":""Quần tam giác"",""Thương hiệu"":""SUKIYA"",""Chất liệu"":""Vải đũi pha cotton"",""Xuất xứ"":""Việt Nam"",""Phong cách"":""Nhật Bản, Tối giản"",""Mẫu"":""Màu sắc trung tính"",""Mùa"":""Mùa hè"",""Tính năng"":""Siêu thoáng, nhẹ nhàng"",""Hoàn cảnh"":""Mặc hàng ngày""}",null,60.000 đ
Quần Lót Tam Giác Nam SUKIYA Zen Briefs Cotton Tự Nhiên Kháng Khuẩn SK-TG09,Quần lót,SUKIYA,"{""Danh Mục"":""Quần tam giác"",""Thương hiệu"":""SUKIYA"",""Chất liệu"":""Cotton hữu cơ (Organic)"",""Xuất xứ"":""Việt Nam"",""Phong cách"":""Zen, Tự nhiên"",""Mẫu"":""Trơn"",""Mùa"":""Bốn mùa"",""Tính năng"":""An toàn cho da nhạy cảm, kháng khuẩn"",""Hoàn cảnh"":""Mặc hằng ngày""}",null,75.000 đ
Quần lót tam giác nam TOKYOLIFE SunStop UV Cut ngăn mùi kháng khuẩn thông hơi mùa hè cực mát,Quần lót,TOKYOLIFE,"{""Danh Mục"":""Quần tam giác"",""Thương hiệu"":""TOKYOLIFE"",""Chất liệu"":""Vải công nghệ SunStop"",""Xuất xứ"":""Việt Nam"",""Phong cách"":""Tiện ích"",""Mẫu"":""Lỗ thông hơi"",""Mùa"":""Mùa hè"",""Tính năng"":""Ngăn mùi hiệu quả, tản nhiệt nhanh"",""Hoàn cảnh"":""Đi ngoài trời nắng, Thể thao""}",null,65.000 đ
TOKYOLIFE Seamless Briefs Quần Lót Tam Giác Nam Không Đường May Siêu Nhẹ TL-TG99,Quần lót,TOKYOLIFE,"{""Danh Mục"":""Quần tam giác"",""Thương hiệu"":""TOKYOLIFE"",""Chất liệu"":""Nylon pha Spandex"",""Xuất xứ"":""Việt Nam"",""Phong cách"":""Gọn nhẹ"",""Mẫu"":""Trơn ép nhiệt"",""Mùa"":""Bốn mùa"",""Tính năng"":""Siêu nhẹ, không vết hằn"",""Hoàn cảnh"":""Mặc đồ ôm sát""}",null,80.000 đ
Quần lót nam tam giác VENI thun lạnh phối viền cá tính phong cách Hàn Quốc trẻ trung gợi cảm,Quần lót,VENI,"{""Danh Mục"":""Quần tam giác"",""Thương hiệu"":""VENI"",""Chất liệu"":""Thun lạnh co giãn"",""Xuất xứ"":""Việt Nam"",""Phong cách"":""Hàn Quốc, Quyến rũ"",""Mẫu"":""Phối viền màu nổi bật"",""Mùa"":""Bốn mùa"",""Tính năng"":""Nâng mông, ôm dáng tôn body"",""Hoàn cảnh"":""Hẹn hò, Mặc hàng ngày""}",null,50.000 đ
Quần Lót Tam Giác Nam VENI Cotton 2 Chiều Dày Dặn Giữ Form Tốt VE-TG03,Quần lót,VENI,"{""Danh Mục"":""Quần tam giác"",""Thương hiệu"":""VENI"",""Chất liệu"":""Cotton 2 chiều"",""Xuất xứ"":""Việt Nam"",""Phong cách"":""Truyền thống"",""Mẫu"":""Trơn cạp bản to"",""Mùa"":""Bốn mùa"",""Tính năng"":""Đứng dáng, chắc chắn"",""Hoàn cảnh"":""Lao động, Vận động""}",null,45.000 đ